FROM/ID,12:00 AM,1:00 AM,2:00 AM,3:00 AM,4:00 AM,5:00 AM,6:00 AM,7:00 AM,8:00 AM,9:00 AM,10:00 AM,11:00 AM,12:00 PM,1:00 PM,2:00 PM,3:00 PM,4:00 PM,5:00 PM,6:00 PM,7:00 PM,8:00 PM,9:00 PM,10:00 PM,11:00 PM
14336,0,0,0,0,0,1,0,1,0,0,0,0,0,0,0,0,0,0,0,0,0,0,0,1
14338,0,0,0,0,0,0,1,0,0,0,1,0,0,0,1,0,0,0,0,0,0,0,0,0
14339,2,1,0,0,0,7,4,6,8,2,1,1,0,2,4,2,2,1,1,1,0,4,1,1
14340,1,2,0,0,0,0,0,1,0,0,0,0,0,0,0,0,1,0,0,0,0,0,0,0
14342,0,0,0,0,0,1,0,0,1,0,0,0,0,0,0,0,0,0,0,1,0,0,0,0
14345,0,0,0,0,0,0,0,2,0,0,0,0,0,0,0,0,0,0,0,0,0,0,0,0
14349,0,1,0,0,0,0,3,4,2,5,0,0,1,1,0,1,1,0,0,0,0,2,1,1
14350,0,0,0,0,0,0,3,3,2,3,0,1,0,1,1,0,0,0,1,0,0,1,0,0
14351,0,0,0,0,0,0,1,2,0,1,0,0,1,1,1,1,1,0,0,0,1,1,1,0
14352,0,0,0,0,0,0,3,1,2,3,0,1,0,1,1,0,0,0,1,0,0,1,0,0
14353,0,0,0,0,0,0,1,2,0,1,0,0,1,1,1,1,1,0,0,0,1,1,1,0
14357,0,0,0,0,0,1,3,2,0,0,0,1,0,0,0,0,0,0,0,0,0,1,0,1
36888,0,0,0,0,0,0,0,1,0,0,1,0,0,0,0,0,0,0,0,0,1,0,0,0
38936,0,0,0,0,0,0,1,1,0,0,0,0,0,0,0,1,0,0,0,0,0,0,0,0
14362,0,10,0,0,0,2,1,2,1,0,1,0,0,1,0,0,0,0,0,0,0,0,1,1
36892,0,0,0,0,0,0,0,0,1,0,0,0,0,0,1,0,0,0,0,1,0,1,0,0
36893,0,0,0,0,0,0,1,0,0,0,0,0,0,0,0,0,0,0,0,0,0,0,0,0
36894,0,0,0,0,0,1,0,0,0,0,0,0,0,0,0,0,0,0,0,0,0,0,0,0
36895,0,0,0,0,0,0,0,2,0,0,1,0,0,0,0,0,0,0,0,0,0,0,0,1
38943,2,1,0,0,0,3,17,15,5,3,2,2,0,0,0,3,1,2,1,1,0,2,1,2
36896,0,0,0,0,0,0,0,0,0,1,2,0,4,0,0,0,0,0,0,0,1,1,0,0
38944,0,1,0,0,0,2,2,1,1,0,0,1,0,0,0,0,0,0,0,0,0,0,0,0
38945,0,0,0,0,0,0,1,1,1,0,0,0,0,0,0,0,0,0,0,0,0,0,0,0
14370,0,3,0,0,0,0,0,1,0,0,1,0,1,0,0,1,1,0,0,0,0,0,0,0
38946,0,0,0,0,1,1,4,0,3,1,2,1,0,0,2,7,0,0,0,1,1,0,0,0
38948,0,0,0,0,0,0,0,1,0,0,0,0,0,0,0,0,0,0,0,0,0,0,0,0
38949,1,0,0,0,0,4,4,8,4,3,2,0,1,2,0,2,1,0,0,0,0,1,1,0
38950,1,1,0,0,0,0,4,4,4,1,1,0,3,2,1,1,1,0,1,1,0,2,0,0
38951,1,0,0,0,0,1,0,0,0,0,0,0,0,0,0,0,0,0,0,0,0,0,0,0
14376,2,2,0,0,0,3,4,7,4,1,1,0,0,0,1,0,0,0,0,0,0,1,0,0
38952,0,0,0,0,0,0,0,5,0,0,0,0,0,0,0,0,0,0,0,0,0,0,0,0
38976,0,1,0,0,0,1,1,1,1,1,0,0,0,0,0,0,1,0,0,0,0,0,0,0
38994,0,0,0,0,0,0,0,0,0,0,0,1,0,0,0,0,0,1,0,0,0,0,0,0
24659,1,0,0,0,0,0,1,1,0,0,0,0,0,0,0,0,0,0,0,0,0,0,0,0
39045,0,0,0,0,0,0,0,0,1,0,0,0,0,0,0,0,0,0,1,0,0,0,0,0
39046,0,0,0,0,0,0,0,1,0,0,0,0,0,0,0,0,0,0,0,0,0,0,0,0
14471,2,0,0,0,0,3,5,4,1,2,2,0,0,2,1,2,0,2,1,0,0,0,0,1
14472,5,7,1,0,1,0,5,1,4,0,0,0,0,1,0,0,1,0,1,0,1,2,0,2
14475,0,0,0,0,0,0,1,0,0,0,0,0,1,0,0,0,1,0,0,0,0,0,1,0
14507,0,0,0,0,0,1,2,0,0,0,0,0,0,1,0,0,0,1,0,0,0,1,0,0
14508,0,0,0,0,0,1,2,0,0,0,0,0,0,1,0,0,0,1,0,0,0,1,0,0
14511,0,0,0,0,0,0,0,0,0,1,0,0,0,0,0,0,0,0,0,0,0,0,0,0
14512,0,0,0,0,0,0,0,0,0,1,0,0,0,0,1,0,0,0,0,0,0,0,0,0
37040,2,0,1,0,0,3,11,19,9,0,2,0,0,0,0,1,1,1,1,2,1,1,3,2
14513,0,0,0,0,0,0,0,0,0,1,0,0,0,0,1,0,0,0,0,0,0,0,0,0
14514,0,0,0,0,0,0,0,0,0,1,0,0,0,0,1,0,0,0,0,0,0,0,0,0
37046,0,0,0,0,0,0,2,1,1,0,0,0,1,1,0,0,0,0,0,0,0,1,0,0
37050,0,0,0,0,0,0,1,0,0,0,0,0,0,0,0,2,0,0,0,0,0,0,2,0
37051,0,0,0,0,0,0,1,1,0,0,0,0,0,0,1,0,1,0,0,1,0,0,0,2
14524,0,0,0,0,0,0,0,0,1,0,0,0,0,0,0,1,0,0,0,0,0,0,0,0
14526,0,0,0,0,0,0,0,0,0,0,0,0,1,0,0,0,0,0,0,0,0,0,0,0
14527,0,0,0,0,0,0,0,0,0,0,0,0,0,1,0,0,0,0,0,0,0,0,0,0
14528,0,0,0,0,0,0,1,0,0,1,0,0,0,0,0,0,0,0,0,0,0,0,0,0
14530,1,0,0,0,0,1,0,2,0,1,0,0,2,2,1,2,1,0,1,1,0,1,0,0
14531,0,0,0,0,0,0,0,3,1,0,0,0,0,0,0,2,0,0,0,0,0,0,0,0
14532,0,0,0,0,0,0,1,1,1,0,0,0,0,1,0,1,0,0,0,0,0,0,0,0
14533,1,0,0,0,0,0,2,0,0,0,1,0,0,0,0,1,0,0,0,0,0,0,0,0
14542,0,0,0,0,0,0,1,0,0,0,0,0,0,0,0,0,0,0,0,0,0,0,0,0
14544,0,1,0,0,0,0,1,0,0,0,0,0,0,0,0,0,0,0,0,0,0,0,0,0
14549,0,0,0,0,0,1,0,2,0,0,0,0,0,1,0,0,0,0,0,0,0,0,0,0
14550,0,0,0,0,0,0,1,1,0,0,0,1,0,0,0,0,0,0,0,0,0,0,0,0
14555,0,0,0,0,0,0,4,0,0,0,0,0,0,0,0,0,0,1,0,0,0,0,0,0
14562,0,0,0,0,0,1,1,0,0,0,0,0,0,0,0,0,0,0,0,0,0,0,0,0
14564,1,0,0,0,0,1,0,4,1,2,1,0,0,0,0,2,0,0,0,0,1,1,0,0
14579,0,0,0,0,0,0,0,0,1,0,0,0,0,0,0,0,0,0,0,0,0,0,0,0
14580,0,0,0,0,0,0,0,0,0,0,0,0,0,1,0,0,0,0,0,0,0,0,0,0
14582,0,0,0,0,0,0,0,0,0,0,0,0,0,0,0,0,1,0,0,0,0,0,0,0
14584,0,0,0,0,0,1,0,0,1,0,0,0,0,0,0,0,0,0,0,1,0,0,0,1
14587,1,3,1,1,0,0,0,0,0,0,0,0,1,1,2,3,0,0,1,1,0,1,0,0
14590,2,0,0,0,0,0,3,1,0,1,1,0,0,0,0,0,0,0,0,0,0,0,0,1
14592,0,0,0,0,0,0,0,0,0,0,0,0,0,0,0,0,0,0,0,0,0,0,0,0
14593,0,0,0,0,0,0,0,0,0,0,0,0,0,0,0,0,0,0,0,0,0,0,0,0
14595,2,0,0,0,0,7,36,41,16,4,8,4,2,2,3,2,2,2,5,7,3,4,3,5
14597,0,0,0,0,0,0,1,0,0,1,0,0,0,0,1,0,0,0,0,1,0,0,0,0
22817,1,0,0,0,0,5,3,2,3,1,1,0,0,0,0,0,1,1,1,0,1,0,0,0
37279,0,0,0,0,0,0,0,0,0,0,1,0,0,0,0,0,2,0,0,0,0,0,0,0
37292,1,0,0,0,0,4,23,14,2,6,2,1,4,2,6,6,3,2,5,8,5,4,6,5
37350,1,0,0,0,0,4,25,13,1,6,2,1,4,3,6,5,3,2,6,8,3,7,5,4
37358,1,1,1,0,1,5,24,12,2,6,2,1,3,4,5,6,3,2,6,9,3,7,5,4
37360,2,0,0,0,0,2,19,9,2,4,1,1,2,3,7,4,3,1,4,9,1,5,5,3
12812,1,0,0,0,0,1,1,1,1,0,0,0,1,0,0,0,0,0,0,0,0,0,0,0
12814,0,0,0,0,0,0,0,3,1,1,1,0,0,0,0,0,0,0,1,1,0,0,0,0
12819,1,0,0,0,0,0,1,1,0,0,0,0,0,0,0,0,0,0,1,0,0,0,0,0
12820,0,0,1,0,0,0,0,1,0,0,1,1,0,0,0,0,0,0,0,1,0,0,0,0
12823,0,0,0,0,0,1,6,2,2,1,0,0,0,1,0,0,0,0,0,0,0,1,0,1
12824,0,1,0,0,0,0,1,2,0,2,1,0,0,0,1,2,0,0,0,0,0,0,0,0
12825,0,0,0,0,0,0,0,2,0,0,0,0,0,0,0,0,0,0,0,0,0,0,0,0
12827,0,1,0,0,0,0,0,2,0,2,1,0,0,0,0,2,0,0,0,0,0,0,0,0
12828,0,0,0,0,0,0,3,2,1,1,0,1,0,1,0,0,0,0,0,0,0,0,0,1
12829,0,1,0,0,0,3,0,2,0,1,1,0,0,0,0,2,0,0,0,0,0,0,0,0
12830,0,0,0,0,0,1,2,5,1,0,0,0,0,1,0,0,0,0,0,0,0,0,0,1
12831,0,1,0,0,0,1,0,1,1,0,1,0,2,0,0,2,2,0,0,0,0,0,0,0
12832,0,1,0,0,0,1,2,4,0,0,0,0,0,0,0,0,0,0,1,0,0,0,0,0
12833,0,0,0,0,0,0,0,4,0,1,0,1,0,0,0,0,0,0,0,1,0,0,0,0
12834,0,1,0,0,0,1,3,3,1,0,1,0,0,0,0,0,0,1,1,0,0,0,0,0
12839,0,0,0,0,0,0,1,1,0,0,0,0,0,0,0,0,0,0,1,0,0,0,0,0
12841,0,1,0,0,0,1,3,4,0,1,1,0,0,0,0,0,0,1,1,0,0,0,0,0
12846,0,11,1,0,0,2,1,3,0,0,1,1,1,2,1,2,0,0,1,2,0,1,1,1
12847,0,0,0,0,0,0,3,2,1,1,0,0,0,0,0,0,0,0,0,0,0,0,0,1
12848,0,0,0,0,0,0,2,1,0,0,0,0,0,0,0,0,0,0,1,0,0,0,0,0
12849,0,8,1,0,0,2,2,2,0,0,1,1,1,1,2,2,0,0,1,2,0,1,1,1
12851,0,0,1,0,0,1,0,0,1,0,0,0,0,0,0,0,0,0,0,0,0,0,0,1
12858,0,0,0,0,0,3,3,1,1,0,1,0,0,0,2,3,0,0,1,0,1,0,0,0
12862,0,0,0,0,0,0,1,1,0,0,0,0,0,0,0,0,0,0,1,0,0,0,0,0
12865,1,0,0,0,0,0,0,2,2,0,0,0,0,0,0,0,0,0,0,0,0,0,0,0
12875,0,0,0,0,0,0,1,2,0,0,0,0,0,0,0,0,0,0,0,0,0,0,0,1
12876,0,1,0,0,0,0,0,2,0,2,1,0,0,0,0,2,0,0,0,0,0,0,0,0
12878,1,1,0,0,0,2,1,6,0,0,0,0,0,1,0,0,1,0,0,0,0,0,1,0
12880,0,0,0,0,0,1,3,3,0,0,0,0,0,0,0,0,0,0,0,1,1,0,0,0
12881,3,1,0,0,0,3,3,6,0,1,1,0,0,1,0,0,1,0,0,0,2,0,2,2
12882,0,0,0,0,0,1,0,3,1,2,1,0,0,0,0,2,0,0,0,0,1,1,0,0
12885,0,0,0,0,0,0,3,2,1,1,0,1,0,1,0,0,0,0,0,0,0,0,1,1
12886,0,1,0,0,0,3,0,2,0,1,1,0,0,0,0,2,0,0,0,0,0,1,0,0
12887,0,0,0,0,0,0,0,3,1,1,1,0,0,0,0,0,0,0,1,1,0,0,0,0
12889,0,0,0,0,0,1,3,3,0,0,1,1,0,0,0,0,0,1,1,0,0,0,0,0
12890,0,0,0,0,0,3,4,10,1,1,0,2,0,1,0,2,0,0,0,1,0,0,0,0
12893,0,0,0,0,0,0,4,8,1,1,1,0,0,0,1,0,1,0,0,0,0,0,0,0
12894,1,1,0,0,0,1,4,4,1,0,1,0,0,1,0,0,0,1,1,0,0,0,0,0
12895,1,0,0,1,0,1,0,3,0,1,1,1,0,1,0,0,0,0,0,1,0,0,0,0
12896,0,0,0,0,0,0,1,4,1,2,2,0,0,2,0,1,0,0,1,0,1,1,1,0
12897,3,1,0,0,0,3,3,6,0,1,1,0,0,1,0,1,1,0,0,0,2,0,2,2
12899,0,0,0,0,0,0,3,2,1,0,0,1,0,0,1,1,0,0,0,0,0,0,0,0
12902,0,0,1,0,0,1,0,1,2,1,0,1,2,1,2,0,0,0,0,0,0,0,0,0
12903,1,0,0,0,0,0,1,2,1,0,0,0,1,0,0,0,0,0,0,0,0,0,0,0
12904,3,0,0,0,0,3,1,1,0,1,1,0,0,0,1,2,0,1,0,0,1,0,1,0
12910,4,2,0,1,0,7,12,28,19,9,6,2,4,4,2,4,3,1,3,7,2,2,3,3
12912,0,1,0,0,0,2,3,4,1,1,1,0,0,0,0,2,0,0,0,0,0,3,1,0
12914,0,0,0,0,0,0,0,0,0,0,0,0,1,2,1,1,1,0,1,0,0,0,0,0
12915,0,0,0,0,0,0,2,1,0,1,0,1,0,1,0,0,0,0,0,0,1,0,0,0
12920,1,0,0,0,0,0,2,1,0,3,0,0,2,1,0,0,0,0,0,1,0,0,0,2
12924,0,0,0,0,0,0,0,2,2,0,0,0,0,0,0,0,0,0,1,0,0,0,0,0
12925,0,1,0,0,0,2,2,2,1,1,1,1,1,0,0,2,1,0,0,0,0,1,1,0
29309,1,0,1,0,0,1,16,7,4,2,2,1,0,0,2,8,0,0,0,1,1,0,1,1
12926,1,0,0,0,0,0,7,4,6,1,0,1,0,0,2,6,1,0,0,0,1,0,0,1
29310,3,1,0,0,0,7,13,20,9,2,4,1,1,1,2,2,2,1,2,4,0,2,4,4
12927,2,0,0,0,0,2,0,2,1,1,0,0,0,0,0,0,0,0,0,0,0,0,0,0
12928,1,0,0,0,0,0,0,0,1,3,0,0,1,0,0,0,0,0,0,0,0,0,1,2
12929,0,1,0,0,0,2,0,4,1,0,1,1,0,0,0,2,0,0,0,0,0,1,1,0
12930,0,1,0,0,0,2,7,4,4,2,1,1,0,1,2,0,1,0,1,1,1,2,0,0
12932,3,5,0,0,0,7,20,31,9,7,4,2,2,2,4,3,3,0,0,4,0,1,2,2
29318,0,0,0,0,0,0,0,0,0,1,0,0,0,0,0,0,0,0,0,0,0,0,0,0
12935,0,0,0,0,0,0,1,2,0,0,2,0,0,1,0,0,0,0,0,0,0,0,0,0
12936,1,0,0,0,0,3,2,4,5,3,1,1,0,0,3,2,1,1,0,1,0,0,1,1
29320,0,0,0,0,0,0,1,0,0,0,0,0,0,0,0,0,0,0,0,0,0,0,0,0
29321,0,0,0,0,0,0,0,1,0,0,0,0,0,0,0,0,0,0,0,0,0,0,0,0
29322,3,1,0,0,0,4,1,6,5,0,2,1,0,1,1,2,2,1,2,1,0,2,1,1
29323,0,0,0,0,0,0,1,0,0,0,0,0,0,0,1,0,0,0,0,0,0,0,0,0
29324,0,0,0,0,0,0,1,0,0,0,0,0,0,0,0,0,0,0,0,0,0,0,0,0
12943,0,0,0,0,0,0,0,3,0,1,0,0,0,1,0,0,0,0,1,0,0,1,0,0
12944,1,1,0,0,0,2,4,14,4,3,2,1,0,1,1,0,1,0,1,1,1,0,0,1
12945,0,0,0,0,0,1,1,2,0,0,0,0,0,0,0,0,0,0,0,0,0,1,0,0
29329,0,0,0,0,0,2,1,0,0,0,0,0,0,0,0,0,0,1,0,0,0,0,0,0
12946,0,0,0,0,0,2,1,4,0,0,0,0,0,0,0,0,0,0,0,0,0,0,0,0
29332,0,0,0,0,0,0,1,0,0,0,0,0,0,0,0,0,0,0,0,0,0,0,0,0
12949,0,0,0,0,0,0,0,5,0,0,0,0,0,0,0,0,0,0,0,0,0,0,0,0
29333,0,0,0,0,0,0,0,1,0,0,0,0,0,0,0,0,0,0,0,0,0,0,0,0
37525,0,0,0,0,0,0,0,0,0,0,0,0,0,0,0,1,0,1,0,0,1,0,0,0
12951,0,0,0,0,0,0,1,2,1,1,0,0,0,0,0,0,0,0,0,0,0,2,0,0
29335,0,0,0,0,0,1,1,1,0,0,0,0,0,0,0,0,0,0,0,0,0,0,0,0
12952,1,1,0,0,0,6,10,12,5,3,2,0,1,2,0,2,1,0,0,0,0,1,1,1
29336,0,4,0,0,0,1,15,21,15,9,4,2,3,2,1,2,2,1,2,7,2,4,0,1
29337,0,0,0,0,0,0,1,0,0,0,0,0,0,0,1,0,0,0,0,0,0,0,0,0
37529,0,0,0,0,0,1,0,2,0,0,0,0,0,0,0,0,0,0,0,0,0,0,0,0
37530,0,0,0,0,0,1,2,3,0,0,0,0,0,0,0,0,0,0,0,0,0,0,0,0
29339,3,1,0,0,1,1,5,16,7,4,6,0,4,0,3,2,2,1,3,5,2,2,2,4
29340,3,1,0,0,1,1,4,11,5,2,5,0,4,0,3,2,2,1,2,5,2,2,2,4
29341,0,0,0,0,0,0,1,0,0,0,0,0,0,0,0,0,0,0,0,0,0,0,0,0
37534,0,0,0,0,0,1,0,0,0,0,0,0,0,0,0,0,0,0,0,0,0,0,0,0
12959,1,0,0,0,0,1,16,9,5,1,1,1,1,0,0,0,1,0,2,2,1,0,0,2
12961,0,0,0,0,0,0,0,0,0,0,0,0,0,0,0,0,0,0,0,0,0,0,0,0
29349,0,3,0,0,0,2,8,6,1,1,1,0,0,0,0,0,1,1,1,0,1,2,0,1
12968,1,0,0,0,0,5,2,4,0,0,0,2,1,0,1,2,0,0,0,0,1,0,1,0
12969,0,1,0,0,0,1,4,3,0,0,0,0,0,2,0,1,0,0,0,0,0,0,0,0
12973,1,1,0,0,0,2,2,5,3,1,2,1,0,0,1,2,1,2,0,0,0,1,0,0
12974,0,0,0,0,0,0,1,1,0,0,0,0,0,0,1,0,0,0,0,0,0,1,1,0
12975,3,0,0,0,0,7,12,12,4,0,1,1,2,1,1,2,1,0,0,0,2,1,1,0
12978,0,0,0,0,0,1,4,3,0,0,0,0,0,1,0,0,0,0,0,0,0,0,0,0
12980,0,1,0,0,0,2,2,3,1,0,0,1,0,0,0,2,0,0,0,0,0,2,1,0
12981,0,2,0,0,0,2,4,5,0,0,0,0,0,2,0,2,0,0,0,0,0,1,0,0
12984,0,1,0,0,0,0,2,1,0,1,0,1,0,1,0,0,0,0,0,0,1,0,0,0
12985,0,1,0,0,0,0,2,2,0,1,0,1,0,1,0,0,0,0,0,0,1,0,0,0
12987,0,0,0,0,0,1,3,1,0,1,0,0,0,1,0,0,0,0,0,0,0,0,0,0
12988,1,0,0,0,0,5,3,4,0,0,0,1,1,1,1,1,0,0,0,0,1,0,1,0
29372,0,0,0,0,0,0,1,0,0,0,0,0,0,0,0,0,0,0,0,0,0,0,0,0
12989,2,1,0,0,0,1,1,1,0,1,0,0,1,1,0,0,0,0,0,0,0,0,0,0
29373,0,2,0,0,0,1,10,10,3,0,0,0,0,0,0,0,1,0,1,0,0,2,0,1
12990,0,0,0,0,0,3,1,3,4,0,0,0,0,0,1,3,1,0,2,0,1,0,0,0
12991,0,0,0,0,0,0,0,1,0,0,0,0,0,0,0,0,0,0,0,0,0,0,0,0
12992,0,0,0,0,0,0,0,1,0,0,1,0,0,0,0,0,0,0,0,0,0,0,0,0
29376,0,0,0,0,0,0,1,0,0,0,0,0,0,0,0,0,0,0,0,0,0,0,0,0
12993,0,0,0,0,0,0,0,1,0,0,0,0,0,0,0,0,0,0,0,0,0,0,0,0
29377,0,0,0,0,0,0,2,0,2,1,0,0,0,1,0,0,1,0,0,0,0,1,1,0
29378,0,3,0,0,0,1,17,16,12,7,3,1,3,2,0,2,2,1,2,7,1,4,0,1
29379,0,0,0,0,0,0,1,0,0,0,0,0,0,0,0,0,0,0,0,0,0,0,0,0
29380,0,0,0,0,0,0,1,0,0,0,0,0,0,0,0,0,0,0,0,0,0,0,0,0
12997,0,0,0,0,0,0,4,5,3,4,1,0,0,0,0,1,0,0,0,0,0,1,0,0
29381,0,0,0,0,0,0,1,0,0,0,0,0,0,0,0,0,0,0,0,0,0,0,0,0
12998,0,1,0,0,0,0,0,0,0,0,0,0,0,0,0,1,0,0,0,0,0,0,0,0
12999,0,0,0,0,0,1,4,3,0,1,0,0,0,1,0,0,0,0,0,0,0,1,0,0
29383,0,3,0,0,0,2,9,8,2,2,1,0,1,1,0,0,1,1,1,0,1,3,0,1
13000,0,0,0,0,0,1,2,1,1,0,1,1,0,0,1,0,0,0,0,0,0,0,0,1
29384,0,0,0,0,0,0,1,0,0,0,0,0,0,0,1,0,0,0,0,0,0,0,0,0
13004,0,0,0,0,0,0,1,1,0,0,1,0,1,0,0,0,1,0,0,0,0,0,1,0
29398,0,0,0,0,0,2,3,2,4,2,2,0,0,0,2,1,1,2,0,1,0,0,1,1
29399,1,0,0,0,0,3,2,12,4,4,2,1,0,1,1,0,1,0,1,1,1,0,0,1
29400,0,0,0,0,0,0,1,0,0,0,0,0,0,0,0,0,0,0,0,0,0,0,0,0
13018,3,1,0,0,0,0,0,4,0,0,0,0,0,0,0,0,0,0,0,0,0,0,0,1
13019,0,6,0,0,0,0,1,1,2,0,0,1,2,2,2,5,2,0,1,1,0,1,0,0
37597,0,0,0,0,0,0,0,0,0,1,0,0,1,1,2,1,0,1,0,0,0,0,0,0
29410,0,0,0,0,0,0,0,11,3,2,2,0,0,0,0,1,0,0,0,0,0,0,0,0
13027,0,0,0,0,0,0,0,1,0,0,0,1,0,0,0,0,0,0,0,0,0,0,0,0
29411,0,0,0,0,0,0,0,1,0,2,0,0,0,0,0,0,0,1,0,0,0,0,0,0
37603,0,0,0,0,0,1,0,0,0,0,0,0,0,0,0,0,0,0,0,0,0,0,0,0
13028,1,0,0,0,0,1,3,1,4,0,2,2,0,0,0,2,1,2,0,0,0,0,0,0
37604,0,0,0,0,0,0,0,1,0,1,0,0,0,0,0,1,0,0,0,0,0,1,0,0
13029,1,0,0,0,0,1,3,1,4,0,2,2,0,0,0,2,1,2,0,0,0,0,0,0
37605,0,0,0,0,0,1,0,1,0,0,0,0,0,0,0,0,0,0,0,0,0,0,0,0
13030,0,0,0,0,0,0,5,4,2,0,0,3,0,0,0,3,0,0,0,0,0,0,0,0
29414,0,0,0,0,0,0,1,0,0,0,0,0,0,0,0,0,0,0,0,0,0,0,0,0
13031,3,4,0,0,0,1,5,2,2,0,0,1,0,1,0,1,0,0,0,0,0,0,0,2
13033,1,0,1,0,0,4,1,0,0,1,1,0,0,0,0,0,0,1,0,0,0,0,1,0
29417,0,0,0,0,0,0,0,1,0,0,0,0,0,0,0,0,0,0,0,0,0,0,0,0
13034,0,0,0,0,0,0,1,3,1,2,0,0,0,0,1,0,0,0,0,1,1,1,1,0
29419,0,1,0,0,0,0,1,2,0,1,0,1,0,1,0,0,0,0,0,0,0,1,1,0
29424,0,0,0,0,0,2,7,4,3,3,1,1,0,1,2,0,1,0,1,1,0,3,0,0
13042,2,2,0,0,1,2,9,2,3,2,0,0,1,1,0,0,1,0,1,0,0,0,0,0
29430,0,0,0,0,0,0,1,0,0,0,0,0,0,0,0,0,0,0,0,0,0,0,0,0
759,1,0,0,0,0,1,4,0,3,3,0,2,0,0,2,0,0,0,0,1,0,0,0,1
13049,1,0,0,0,0,2,2,2,2,3,0,1,0,0,2,1,1,0,0,1,0,1,0,0
13050,1,0,0,0,0,0,3,8,3,3,1,1,0,0,1,0,0,0,1,1,1,0,0,1
13051,1,0,0,0,0,1,1,4,1,1,0,0,0,0,1,0,0,0,1,0,1,1,0,1
13052,1,0,1,0,0,2,2,4,3,2,0,0,2,1,1,0,0,0,1,0,0,1,0,1
13054,0,1,0,0,0,0,1,5,2,2,0,0,1,3,1,1,2,0,0,0,1,2,1,1
13055,0,0,0,0,0,0,0,0,0,0,0,0,0,0,0,1,1,0,0,0,0,0,0,0
13056,0,0,0,0,0,1,3,1,0,1,0,0,0,0,0,0,0,0,0,0,0,0,0,0
13057,0,0,0,0,0,1,0,1,1,1,0,0,0,0,0,0,0,0,0,0,0,0,0,0
13058,0,1,0,0,0,1,3,2,1,0,0,0,0,0,0,0,0,0,0,0,0,0,0,0
13059,0,1,0,0,0,1,3,2,1,0,0,0,0,0,0,0,0,0,0,0,0,0,0,0
13060,0,0,0,0,0,1,0,1,1,0,0,0,0,0,0,0,0,0,0,0,0,0,0,0
13061,0,0,0,0,0,0,0,1,0,0,0,0,0,0,0,0,0,0,0,0,0,0,0,0
13062,0,0,0,0,0,0,2,1,1,0,1,1,0,0,0,0,0,0,0,0,0,0,0,0
29446,0,0,0,0,0,2,0,1,0,0,0,0,0,0,1,1,0,0,0,0,0,0,1,0
13063,0,0,0,0,0,1,3,1,0,1,0,0,0,0,0,0,0,0,0,0,0,1,0,0
29447,0,0,0,0,0,2,2,1,1,0,1,0,1,0,0,0,0,1,1,0,0,2,0,0
13064,1,0,0,0,0,0,0,0,0,0,0,0,0,0,0,0,0,0,0,0,0,0,0,0
29448,0,0,0,0,1,0,0,0,0,0,0,0,0,0,0,0,0,0,0,0,0,0,0,0
13065,0,0,0,0,0,0,1,2,0,0,1,0,0,1,0,0,0,0,0,0,0,0,0,0
13066,0,0,0,0,0,0,1,2,0,0,1,0,0,1,0,0,0,0,0,0,0,0,0,0
37642,0,0,0,0,0,2,0,0,0,0,1,0,0,0,1,0,0,0,0,1,0,1,0,1
13067,3,1,0,0,0,3,6,19,10,7,5,0,1,1,3,2,3,0,0,4,0,2,3,6
29452,0,3,1,0,0,0,1,0,0,0,1,0,0,0,0,2,0,1,0,0,0,0,0,0
29453,0,0,0,0,0,0,0,0,0,0,0,0,0,0,0,0,1,0,0,0,0,0,0,0
37645,0,0,0,0,0,1,0,0,0,0,0,0,0,0,0,0,0,0,0,0,0,0,0,0
13070,0,0,0,0,0,0,2,0,0,0,1,0,1,0,0,0,1,0,0,0,0,1,1,0
37646,0,0,0,0,0,0,0,0,0,1,0,0,0,0,0,0,0,0,0,0,0,0,0,0
13071,0,0,0,0,0,1,1,4,0,0,0,0,0,0,0,0,0,0,0,0,0,1,0,0
29455,1,0,0,0,0,0,2,2,0,0,0,0,0,0,0,1,1,0,1,0,1,0,0,0
37647,0,0,0,0,0,0,1,0,0,1,0,0,0,0,0,0,0,0,0,0,0,0,0,0
13072,0,0,0,0,0,2,0,1,1,1,1,0,0,0,1,1,0,1,1,0,0,0,1,1
37648,0,0,0,0,0,0,0,1,0,0,0,0,0,0,0,0,0,0,0,0,0,0,0,0
13073,0,0,0,0,0,0,0,0,0,1,1,0,0,0,0,0,0,1,0,0,0,0,0,0
29457,0,1,0,0,0,0,1,1,3,1,0,1,0,1,0,1,0,0,0,0,0,1,1,0
37649,1,0,0,0,0,1,0,1,0,0,0,0,0,0,0,0,0,0,0,0,0,0,0,0
25362,0,0,0,0,0,0,4,1,1,1,0,0,0,1,2,0,0,0,0,0,0,0,0,1
29458,0,0,0,0,0,0,2,0,2,1,0,1,0,1,0,2,0,0,0,0,0,2,2,0
13075,2,1,0,0,0,4,1,3,2,0,0,0,0,0,1,1,0,0,0,0,0,0,0,0
29459,0,0,0,0,0,0,2,0,1,1,0,1,0,1,0,2,0,0,0,0,0,2,2,0
29460,0,1,0,0,0,0,2,3,0,3,0,1,1,2,2,2,2,0,0,0,2,2,1,2
13078,1,0,0,0,0,5,1,0,1,0,0,0,1,0,1,1,0,0,0,0,1,0,1,1
29462,1,1,0,0,0,2,0,3,0,0,0,0,0,0,0,0,0,1,0,0,0,1,0,0
13079,0,1,0,0,0,2,2,2,1,1,1,1,1,0,0,2,1,0,0,0,0,1,0,0
29463,0,1,0,0,0,2,1,4,0,0,0,0,1,0,0,0,0,1,0,0,0,1,0,0
29464,1,1,0,0,0,2,1,3,1,0,0,0,2,0,0,0,0,1,1,0,0,2,0,0
13081,0,1,0,0,0,1,4,3,0,0,0,0,0,2,0,0,0,0,0,0,0,0,0,0
13082,0,1,0,0,0,1,4,3,0,0,1,0,0,2,0,0,0,0,0,0,0,0,0,0
13083,1,0,0,0,0,3,3,4,0,0,0,1,1,1,0,1,0,0,0,0,1,0,0,0
13084,0,4,0,0,0,0,1,0,0,0,0,0,1,0,0,1,1,0,0,0,0,0,0,1
13085,3,3,1,0,1,0,3,0,2,0,0,0,0,0,0,0,1,0,0,0,0,1,0,2
37661,0,0,0,0,0,0,1,0,0,0,0,0,0,0,0,1,0,0,0,0,0,0,0,0
29470,0,0,0,0,1,0,0,0,0,0,0,0,0,0,0,0,0,0,0,0,0,0,0,0
37662,0,0,0,0,0,0,1,1,1,0,0,0,0,0,0,0,0,0,0,0,0,0,0,0
29471,0,0,0,0,0,1,1,1,0,0,0,0,0,0,0,1,0,0,0,0,0,1,0,0
13089,0,0,0,0,0,3,3,4,3,2,0,1,1,0,3,3,3,1,0,0,2,0,1,1
13091,0,0,0,0,0,0,0,4,0,0,0,0,0,0,0,0,0,0,0,0,0,0,0,0
13092,0,0,0,0,0,1,2,2,1,0,1,1,0,0,1,0,0,0,0,0,0,0,0,1
29476,0,1,0,0,0,2,3,3,1,2,1,1,2,0,0,2,2,0,0,0,0,2,2,0
13093,0,0,0,0,0,0,3,2,1,0,0,1,0,0,1,1,0,0,0,0,0,0,0,0
29478,1,0,0,0,0,1,0,0,3,2,1,0,0,0,0,0,0,0,1,0,0,1,0,0
13095,0,0,0,0,0,1,5,3,0,1,0,0,0,1,0,0,0,0,0,0,0,1,0,0
29479,0,1,0,0,0,3,11,14,6,2,3,2,0,1,1,2,2,1,2,1,1,1,2,2
13096,0,0,0,0,0,3,1,7,1,1,0,0,0,0,0,1,3,0,0,0,0,1,0,1
29480,0,1,0,0,0,3,13,23,20,7,6,4,3,2,1,4,3,1,3,7,1,2,3,2
13097,0,0,0,0,0,1,0,2,1,0,0,1,0,0,0,1,0,0,2,0,0,0,0,0
29482,1,0,0,0,0,2,3,7,3,0,1,0,1,1,0,3,2,0,1,0,1,0,1,2
13099,0,0,0,0,0,1,0,2,1,0,0,1,0,0,0,1,0,0,2,0,0,0,0,0
29483,0,0,0,0,0,0,0,0,0,0,0,0,1,0,0,0,0,0,0,0,0,0,0,0
37675,0,0,0,0,0,0,1,0,0,0,1,0,0,0,0,0,0,0,0,0,0,0,0,0
13100,1,0,0,0,0,1,2,1,1,3,0,1,0,0,2,1,0,0,0,1,0,1,0,0
37676,0,0,0,0,0,0,0,0,1,0,0,0,0,0,1,1,0,0,0,0,0,0,0,0
29485,0,0,0,0,0,1,0,1,1,0,0,0,0,0,0,0,0,0,0,1,1,0,0,1
37677,0,0,0,0,0,0,0,1,0,0,0,0,0,0,0,0,0,0,0,1,0,0,0,0
29486,0,0,0,0,0,1,0,1,1,0,0,0,0,0,0,0,0,0,0,1,1,0,0,1
13103,3,3,1,0,1,5,30,38,30,12,9,8,3,2,3,16,4,3,4,8,3,4,4,4
29488,1,0,0,0,0,1,0,3,0,1,1,0,2,3,1,2,2,0,1,1,0,1,0,0
13106,1,0,0,0,0,1,2,2,0,1,0,0,0,1,0,0,0,0,0,0,0,0,0,0
29490,1,0,0,0,0,1,4,7,3,3,1,0,0,1,0,1,0,0,1,0,1,2,0,0
37682,0,0,0,0,0,1,2,0,2,1,0,1,0,0,2,0,0,0,2,0,0,0,0,1
13107,0,1,0,0,0,4,14,10,2,0,1,1,1,1,2,0,0,1,1,1,1,0,0,0
37683,1,0,0,0,0,1,1,0,0,0,0,0,0,0,0,0,0,0,0,0,0,1,0,0
13108,1,0,1,0,0,2,1,1,2,1,1,0,0,1,0,0,0,0,0,1,1,0,0,1
37684,0,0,0,0,0,1,0,1,1,0,0,0,0,1,0,1,0,0,0,0,0,1,0,1
13109,0,2,0,0,0,0,2,0,0,0,0,0,0,0,0,0,0,0,0,0,0,0,0,0
37685,1,0,0,0,0,0,0,2,0,0,0,0,0,0,0,0,0,0,1,0,0,0,0,0
13110,0,0,0,0,0,0,3,0,1,0,0,0,0,2,0,0,0,0,1,0,0,0,1,0
37686,0,0,0,0,0,0,0,0,1,0,0,0,0,0,0,1,1,0,0,0,0,0,0,0
13111,0,1,0,0,0,2,0,1,0,0,0,0,0,0,1,1,0,0,0,0,0,0,0,0
37687,1,0,0,0,0,3,1,1,1,0,0,0,0,0,0,0,0,0,1,0,0,0,2,0
13112,0,3,0,0,0,3,5,6,1,2,1,1,0,3,0,3,0,0,0,0,1,2,1,0
37688,0,0,0,0,0,1,0,0,1,0,0,0,0,0,1,1,0,1,0,1,0,1,0,1
13113,0,0,0,0,0,0,2,1,1,0,1,1,0,0,0,0,0,0,0,0,0,0,0,0
37689,0,0,0,0,0,0,0,2,0,1,1,0,0,0,0,0,0,0,0,2,0,0,2,1
13114,2,9,2,0,0,3,5,3,2,2,1,0,0,3,1,1,1,0,1,0,0,0,1,0
37690,0,0,0,0,0,0,0,0,0,1,0,0,0,0,0,0,0,0,0,0,0,1,0,0
13115,6,6,0,0,1,3,6,5,3,2,1,1,0,0,2,4,1,2,0,0,3,0,1,4
13116,0,0,0,0,0,3,2,0,1,1,0,0,1,2,1,1,2,0,0,1,0,1,0,0
13117,0,0,0,0,0,2,0,2,3,1,1,0,0,0,1,1,1,1,1,0,0,0,1,1
37693,0,0,0,0,0,1,1,0,0,0,0,0,0,0,0,0,0,0,0,0,1,1,1,0
13118,1,0,0,0,0,0,3,8,3,4,1,1,0,0,1,1,0,0,2,1,1,0,0,1
37694,0,0,0,0,0,1,0,0,0,1,0,0,0,0,1,0,0,0,0,1,0,0,0,0
13119,0,1,0,0,0,5,9,8,2,0,1,1,1,1,2,0,0,0,1,1,1,0,0,0
13122,0,11,0,0,0,0,1,3,0,0,0,0,1,0,0,1,1,0,0,0,0,0,0,0
29506,0,1,0,0,0,4,10,7,2,1,0,2,0,1,2,0,0,0,1,1,1,0,0,0
29507,0,0,0,0,0,1,1,0,1,0,0,0,0,0,0,0,0,0,0,0,2,0,0,0
13124,0,0,0,0,0,0,0,3,3,0,1,1,0,0,2,1,1,0,0,1,1,0,1,0
29508,0,0,0,0,0,1,1,0,1,0,0,0,0,0,0,0,0,0,0,0,2,0,0,0
13125,0,0,0,0,0,1,2,0,0,0,1,0,1,0,1,0,0,0,0,0,0,0,0,0
13126,1,0,0,0,0,0,3,7,3,3,1,1,0,0,1,1,0,0,1,1,1,0,0,1
13127,2,1,0,0,0,1,0,3,0,1,1,0,2,2,2,2,2,0,1,1,0,1,0,0
13128,0,0,0,0,0,0,2,1,1,0,1,1,0,0,1,0,0,0,0,0,0,0,0,0
29512,0,0,1,0,0,1,1,0,0,1,1,0,0,0,1,0,0,0,0,1,1,0,0,0
13129,1,0,0,1,0,2,7,10,3,4,1,0,0,1,1,0,0,1,0,0,0,1,0,1
29513,0,0,0,0,0,1,0,0,1,0,0,0,0,0,0,0,0,0,0,1,0,0,0,0
13130,0,0,0,0,0,1,3,1,0,1,0,0,0,1,0,0,0,0,0,0,0,0,0,0
29514,0,1,1,0,0,0,0,0,0,0,1,0,0,0,0,0,1,0,0,0,1,0,0,0
13131,0,1,0,0,0,0,4,4,2,3,0,1,0,1,1,0,0,0,0,1,0,1,0,0
29515,0,1,1,0,0,3,2,0,1,1,1,0,1,2,1,1,3,0,0,1,1,1,0,0
13132,0,0,0,0,0,0,2,1,0,1,1,1,0,1,0,0,0,0,0,0,1,0,0,0
29516,0,0,0,0,0,0,2,0,0,1,0,0,0,0,0,0,0,0,0,0,0,1,1,0
13133,0,0,0,0,0,0,3,1,0,2,1,0,1,1,0,0,1,0,0,0,1,1,1,0
13134,3,1,0,0,1,0,2,6,2,0,1,0,0,0,0,1,1,1,1,1,0,0,0,0
13135,0,1,0,0,0,0,1,2,2,1,0,1,0,1,0,0,0,0,0,0,0,1,1,0
13136,1,1,0,0,0,3,11,15,6,2,4,1,1,2,1,3,2,1,2,1,1,1,2,2
29521,0,0,0,0,0,0,3,2,2,3,0,1,0,1,1,0,0,0,1,0,0,1,0,0
13138,0,1,0,0,0,0,2,1,0,1,0,1,0,1,0,0,0,0,0,0,1,0,0,0
13139,4,5,0,0,1,0,5,1,3,0,0,1,0,0,0,1,1,0,0,0,0,0,0,2
13141,3,3,0,0,0,4,4,5,2,2,1,0,0,0,2,3,0,1,2,0,4,0,1,2
13142,3,2,2,0,0,4,6,7,3,5,3,0,0,1,1,2,0,1,1,1,1,1,1,0
13143,0,0,0,0,0,0,4,6,1,1,2,0,0,0,1,0,2,0,0,0,0,0,0,0
13145,0,0,0,0,0,0,3,3,1,5,0,0,0,0,0,0,0,0,0,0,0,0,0,0
13147,0,0,0,0,0,7,9,5,2,1,0,2,0,0,1,0,0,0,0,1,0,0,0,0
13148,2,0,0,0,0,4,1,1,0,0,0,0,0,0,0,0,0,0,0,0,0,0,1,0
13149,2,0,0,0,0,4,1,1,0,0,0,0,0,0,0,0,0,0,0,0,0,0,1,0
13150,2,0,0,0,0,4,11,8,4,2,1,1,3,2,2,1,0,1,0,1,1,0,0,1
13153,1,1,0,0,0,0,4,5,2,0,1,1,0,0,2,2,1,0,0,0,1,0,0,1
13154,2,0,0,0,0,2,6,15,8,5,2,0,1,1,1,1,1,0,0,1,0,1,0,1
13155,0,1,0,0,0,0,6,3,1,3,0,1,0,1,1,0,0,0,0,1,0,1,0,0
13161,0,1,0,0,0,1,4,3,0,0,0,0,0,2,0,0,0,0,0,0,0,0,0,0
13162,0,1,0,0,0,1,4,3,0,0,0,0,0,2,0,0,0,0,0,0,0,0,0,0
13163,0,0,0,0,0,7,12,5,2,2,0,2,0,0,2,0,0,0,0,2,0,0,0,0
13164,2,1,2,0,0,6,4,1,3,3,2,0,1,3,1,2,4,0,0,1,1,1,0,1
13165,1,0,0,0,0,4,1,0,1,1,0,0,1,2,0,1,2,0,0,0,0,1,0,0
13166,0,0,0,0,0,1,1,4,0,0,0,0,0,0,0,0,0,0,0,0,0,1,0,0
13167,0,2,0,0,0,1,0,1,0,0,0,0,0,0,0,0,0,0,0,0,0,1,0,0
13169,1,0,0,0,0,5,1,0,1,0,0,0,1,0,1,1,0,0,0,0,1,0,1,1
13170,1,0,0,0,0,7,12,5,2,1,0,2,0,0,1,0,0,0,0,1,0,0,0,0
13173,1,0,0,0,0,7,2,4,0,1,0,1,1,0,1,1,0,0,0,0,1,1,1,1
13177,1,0,0,0,0,5,1,1,1,0,0,0,1,0,1,2,0,0,0,0,1,0,1,1
13178,2,0,0,0,0,5,25,16,8,3,4,1,0,0,0,0,0,0,2,1,2,0,0,2
13179,1,0,0,0,0,3,3,3,3,4,1,0,1,1,0,1,2,0,0,0,0,2,1,3
13181,2,0,0,0,0,2,6,18,8,5,2,0,1,1,3,2,2,0,1,1,0,1,0,1
13183,1,0,0,0,0,1,2,2,0,1,0,0,0,1,0,0,0,0,0,0,0,0,0,0
13184,1,0,0,0,0,1,2,1,1,0,1,0,0,1,0,0,0,0,0,0,0,0,0,0
29568,0,0,0,0,0,0,3,3,5,3,1,1,0,0,3,1,1,1,0,1,0,0,1,0
37760,1,0,0,0,0,1,3,4,1,1,2,1,0,0,1,0,1,0,0,0,0,0,0,0
13185,1,1,0,0,0,0,5,2,1,1,0,0,0,0,0,0,0,0,0,0,0,0,0,0
13187,0,1,0,0,0,0,0,1,0,1,0,0,0,1,1,1,0,0,0,0,0,0,0,0
13195,0,0,0,0,0,0,1,3,2,0,0,0,0,1,1,1,0,0,0,0,0,0,0,0
29582,0,0,0,0,0,0,4,1,0,0,0,0,0,1,2,0,0,0,0,0,0,0,0,0
13200,0,0,0,0,0,0,2,1,1,0,0,1,0,0,0,0,0,0,0,0,0,0,0,0
13202,1,0,0,0,0,3,2,13,4,4,2,1,0,1,1,0,1,0,1,1,1,0,0,0
13204,4,2,0,1,0,10,20,35,14,4,6,1,1,1,4,3,4,1,2,7,0,5,3,7
29588,0,0,0,0,0,1,2,14,4,3,2,1,0,1,1,0,1,0,1,1,1,0,0,0
13205,2,0,0,0,0,3,1,2,3,1,0,0,2,1,2,0,0,0,0,0,0,1,0,1
13206,1,2,0,0,1,5,30,34,20,4,7,5,1,1,3,10,3,3,2,2,2,4,3,3
29591,1,1,0,0,0,1,2,4,3,0,1,0,0,1,0,0,1,0,0,0,0,0,1,2
13208,1,0,0,0,0,0,2,1,2,2,1,0,1,1,0,0,0,0,0,0,0,1,1,2
13209,1,0,0,0,0,0,0,0,1,3,0,0,1,0,0,0,0,0,0,0,0,0,1,2
13210,2,0,0,0,0,2,0,2,1,1,0,0,0,0,0,0,0,0,0,0,0,0,0,0
13211,1,0,0,0,0,0,0,0,1,3,0,0,0,0,0,0,0,0,0,0,0,0,1,2
13212,2,0,0,0,0,3,1,3,3,1,0,1,0,0,3,0,0,0,0,0,0,1,0,1
13213,2,0,0,0,0,2,0,2,1,1,0,0,0,0,0,0,0,0,0,0,0,0,0,0
13214,0,0,0,0,0,0,3,2,1,1,1,1,0,0,1,1,0,1,0,0,0,0,0,0
13217,0,0,0,0,0,8,1,4,1,0,0,0,0,0,0,1,1,0,0,1,0,1,1,0
13219,1,1,0,0,0,1,3,5,1,2,0,1,1,1,0,1,0,0,2,1,0,1,0,0
13220,1,1,0,0,0,0,4,5,2,0,1,1,0,0,2,2,1,0,0,0,1,0,0,1
13221,1,1,0,0,0,1,0,8,2,2,0,1,0,2,0,1,0,0,1,0,1,1,0,0
13222,0,1,0,0,0,0,1,4,1,1,0,0,0,0,0,0,0,0,1,0,1,1,0,0
13223,0,1,0,0,0,2,1,1,0,0,0,0,0,1,1,2,1,0,1,0,0,0,0,0
13225,0,0,0,0,0,1,1,1,1,0,1,0,0,0,0,0,0,0,0,0,0,0,0,1
13226,3,1,0,0,0,2,1,3,1,2,1,0,2,2,1,2,1,0,1,1,0,1,1,0
13228,1,1,0,0,0,3,0,1,0,1,0,0,0,1,1,2,1,0,0,0,0,0,0,0
13229,0,0,0,0,0,0,3,3,4,3,1,1,0,0,3,0,0,1,0,1,0,0,1,0
13232,0,0,0,0,0,3,0,6,1,0,1,0,0,0,0,1,2,0,0,0,0,1,0,1
13233,0,0,0,0,0,1,0,1,1,0,0,0,0,0,0,0,0,0,0,0,0,0,0,0
13235,1,0,0,0,0,1,2,1,1,0,1,0,0,1,0,0,0,0,0,0,0,0,0,0
13236,0,0,0,0,0,0,3,2,2,3,0,1,0,1,1,0,0,0,1,0,0,1,0,0
13237,1,1,0,0,0,2,4,5,2,2,0,1,0,1,2,0,1,0,0,0,0,0,0,0
13238,1,0,0,0,0,0,1,1,1,0,0,0,1,0,0,0,0,0,0,0,0,0,0,0
13239,0,0,0,0,0,1,1,4,0,1,0,0,0,0,0,0,0,0,0,1,0,0,0,0
29623,2,0,1,1,0,2,4,3,3,2,1,0,0,1,0,0,0,1,2,0,1,0,0,1
13241,0,0,0,0,0,0,3,5,3,0,0,3,0,0,0,3,0,0,0,0,0,0,0,0
13242,0,0,0,0,0,0,4,5,3,0,0,3,0,0,0,3,0,0,0,0,0,0,0,0
13243,0,0,0,0,0,0,4,5,3,0,0,3,0,0,0,3,0,0,0,0,0,0,0,0
13244,0,0,0,0,0,0,5,5,3,0,0,3,0,0,0,3,0,0,0,0,0,0,0,0
13245,1,0,0,0,0,1,3,1,4,0,2,2,0,0,0,2,1,2,0,0,0,0,0,0
29629,0,0,0,0,0,2,1,0,1,0,1,0,0,0,0,0,0,0,0,0,1,0,0,0
13246,1,2,0,0,0,2,6,7,4,0,1,1,1,3,1,7,1,1,2,1,2,2,5,2
29634,1,1,0,0,0,0,2,1,1,0,0,0,0,0,0,0,0,0,0,0,0,0,0,0
29635,0,1,0,0,0,0,0,1,0,0,0,0,1,2,2,1,1,0,1,1,0,1,0,0
13255,1,1,0,0,0,1,3,0,1,1,0,1,0,0,0,0,0,0,0,0,1,0,0,0
13256,0,0,0,0,0,4,6,2,1,2,0,1,1,3,2,1,2,0,0,1,1,1,0,0
13257,0,1,0,0,0,2,6,0,1,2,0,1,1,2,2,1,2,0,0,1,1,0,1,0
13258,0,0,0,0,0,0,2,6,2,2,0,0,0,1,0,0,0,0,1,1,0,1,0,0
13259,0,12,2,0,0,2,2,1,0,0,0,1,0,0,0,0,0,0,0,1,0,0,1,1
13262,0,1,0,0,0,1,2,1,0,0,0,1,0,0,0,0,0,0,0,1,0,0,1,0
29647,0,0,0,0,0,1,1,0,1,0,0,0,0,0,0,0,0,0,0,1,1,0,0,0
13264,3,3,0,0,1,0,0,8,3,2,0,1,0,0,0,0,0,0,0,0,0,2,0,1
13265,0,0,0,0,0,0,0,1,1,1,0,0,2,0,0,1,2,0,0,0,0,0,0,0
13266,0,1,0,0,0,3,2,1,0,1,1,0,2,0,0,0,1,0,0,0,0,0,0,0
13267,0,0,0,0,0,1,4,4,0,0,0,0,0,1,0,0,0,0,0,0,0,0,0,0
13268,0,1,0,0,0,2,1,2,1,2,1,1,1,0,0,2,1,0,0,0,0,2,1,0
13269,0,0,0,0,0,1,2,1,1,0,0,0,1,0,0,1,2,1,0,0,1,1,0,1
13271,1,0,0,0,0,3,0,1,2,1,0,0,1,0,1,0,0,0,1,0,0,0,0,0
13272,0,0,0,0,0,1,1,1,1,0,1,0,0,0,0,0,0,0,0,0,0,0,0,1
29657,0,1,0,0,0,1,0,1,0,0,0,0,0,0,0,0,0,0,0,0,0,0,0,0
13275,1,2,1,0,1,5,19,25,12,2,8,3,0,1,1,4,3,3,2,2,1,2,4,3
13276,1,2,0,0,0,1,2,6,1,0,0,2,0,0,0,1,1,0,0,0,0,0,0,1
13277,0,2,0,0,1,2,5,13,4,3,4,4,0,1,1,3,2,2,1,0,0,1,0,1
13279,0,0,0,0,0,0,2,1,0,1,1,0,0,2,0,0,0,0,0,0,0,0,0,0
13281,0,0,0,0,0,0,0,0,0,0,0,0,0,0,0,0,0,0,0,0,0,0,0,0
13282,0,0,0,0,0,0,0,1,0,0,0,0,0,0,0,0,0,0,0,0,0,0,0,0
13284,0,3,0,0,0,0,0,1,0,0,1,0,0,0,0,0,0,0,0,1,0,0,1,0
13292,6,2,0,0,1,3,4,3,1,0,0,1,0,3,1,1,0,0,1,0,0,0,0,0
13293,2,1,0,0,0,1,4,2,0,0,0,0,0,0,1,0,0,0,1,0,1,0,0,0
13294,2,0,0,0,0,0,1,0,0,1,0,0,0,0,0,0,0,0,0,0,0,0,0,0
29678,4,0,1,0,1,2,3,11,6,3,0,0,0,0,0,3,1,1,4,2,0,1,1,0
13295,5,3,0,0,1,1,1,0,0,0,0,0,0,0,1,1,0,0,1,0,0,0,0,0
13296,0,3,1,0,0,1,5,6,1,2,3,0,0,1,1,1,0,1,1,1,0,0,1,1
13297,1,12,2,0,0,3,2,1,1,1,1,1,1,1,0,0,1,0,0,0,0,0,1,0
29681,0,0,0,0,0,0,0,5,5,2,1,0,0,0,0,0,0,0,0,0,0,1,1,0
13298,0,10,0,0,0,2,3,1,1,1,0,1,1,2,1,1,1,0,0,0,0,0,1,1
13299,0,11,0,0,0,1,3,2,2,0,1,0,0,0,0,0,0,0,0,0,0,0,1,1
13300,0,9,0,0,0,1,2,2,2,0,1,0,0,0,0,1,0,0,0,0,0,0,1,1
13301,0,10,0,0,0,1,2,1,0,0,1,0,0,1,0,0,0,0,0,0,0,0,1,1
13302,0,10,0,0,0,2,1,1,1,0,1,0,0,0,0,0,0,0,0,0,0,0,1,1
13303,0,10,0,0,0,2,1,2,0,0,1,0,0,1,0,0,0,0,0,0,0,0,1,1
13304,0,11,0,0,0,2,1,2,1,0,1,0,1,2,1,1,1,0,1,1,0,1,1,1
13306,0,1,0,0,0,2,2,1,0,1,1,1,1,1,2,4,0,0,1,1,0,1,1,1
13307,5,4,1,0,1,0,3,0,3,0,0,0,0,0,0,0,1,0,0,0,0,1,0,2
13308,5,4,1,0,1,0,3,0,2,0,0,0,0,0,0,0,1,0,0,0,0,1,0,2
13309,5,4,1,0,1,0,3,0,2,0,0,0,0,0,0,0,1,0,0,0,0,1,0,2
13310,4,4,1,0,1,0,3,0,2,0,0,0,0,0,0,0,0,0,0,0,0,1,0,2
13311,4,4,1,0,1,0,3,2,1,0,0,0,0,0,0,0,1,0,0,0,0,0,0,2
13312,4,4,1,0,1,0,3,1,1,0,0,1,0,0,0,0,0,0,0,0,0,0,0,2
13313,4,4,1,0,1,0,3,2,1,0,0,0,0,0,0,0,0,0,0,0,0,0,0,2
13314,2,0,1,0,1,0,0,1,0,0,0,0,0,0,0,0,1,0,0,0,0,0,0,0
13315,7,1,0,0,0,2,8,6,1,2,1,1,0,2,0,0,0,1,1,0,1,0,0,1
13317,0,0,0,0,0,0,0,0,0,0,1,0,0,0,0,0,0,0,0,0,0,0,0,0
13318,1,0,0,0,0,1,2,6,0,0,0,0,0,1,0,1,1,0,0,0,1,0,0,1
13319,0,1,0,0,0,4,8,13,14,8,2,7,3,2,2,3,1,1,1,3,2,1,1,0
13320,1,0,0,0,0,3,6,11,3,3,0,1,1,2,3,0,1,0,0,0,0,0,0,0
13321,1,2,0,0,0,2,4,8,2,2,0,1,0,0,2,1,0,0,0,0,0,0,0,0
13322,1,2,0,0,0,5,11,18,6,5,2,2,0,0,2,1,0,0,0,3,0,1,2,3
13323,2,6,0,0,1,3,6,3,4,0,0,0,0,0,2,3,1,2,0,0,3,0,1,3
13324,2,5,0,0,1,0,2,0,1,0,0,1,0,0,0,0,0,0,0,0,0,0,0,2
13325,2,9,1,0,0,2,4,4,2,1,0,1,1,3,0,0,1,0,1,0,0,0,1,0
13326,4,7,0,0,1,2,9,6,1,0,0,1,0,2,1,0,0,1,1,0,2,0,0,2
13328,0,0,0,0,0,3,1,2,0,0,0,0,0,0,0,0,0,0,0,0,1,0,0,0
13329,0,0,0,0,0,3,2,1,1,0,0,0,0,0,1,3,1,0,1,0,1,0,0,0
33815,0,0,0,0,0,1,1,0,1,0,0,0,0,0,0,0,0,0,0,1,1,0,0,0
33818,1,0,0,0,0,1,2,1,1,0,1,0,0,1,0,0,0,0,0,0,0,0,0,0
33819,1,0,0,0,0,1,2,2,0,1,0,0,0,1,0,0,0,0,0,0,0,0,0,0
13348,1,0,0,0,0,1,0,4,1,1,0,1,0,2,0,1,0,0,1,0,0,0,0,0
13349,0,0,0,0,0,0,0,0,0,1,0,0,0,0,0,0,0,0,0,0,0,0,0,0
13353,0,1,0,0,0,2,6,3,1,0,0,0,0,0,0,0,0,0,0,0,0,0,0,1
13354,1,1,0,0,0,3,8,21,9,7,6,1,5,1,5,2,3,0,2,5,2,3,2,5
13355,0,4,0,0,0,4,7,6,5,0,1,0,0,0,1,0,1,0,1,1,0,1,0,0
13356,1,0,1,0,0,0,1,0,2,2,2,1,0,0,0,7,0,2,0,0,0,0,0,0
13357,0,2,0,0,0,3,5,0,2,3,1,0,2,1,1,4,1,0,1,1,1,0,1,1
13358,2,4,0,0,0,7,14,28,21,10,7,3,3,3,4,4,3,1,4,7,2,3,3,4
13359,0,0,0,0,0,3,3,3,5,3,1,1,0,0,3,1,1,1,0,1,0,0,1,1
13360,0,0,0,0,0,2,0,2,3,1,1,0,0,0,1,1,1,1,1,0,0,0,1,1
33841,0,1,0,0,0,0,2,2,0,1,0,0,0,1,1,0,0,0,1,0,0,0,0,0
13362,2,1,0,0,0,0,6,3,8,1,0,1,2,2,3,7,2,0,1,1,1,1,0,1
13365,0,0,0,0,0,1,2,0,1,0,0,0,1,0,1,0,0,0,0,0,2,0,0,0
13366,0,0,0,0,0,2,1,2,1,0,0,0,0,0,0,0,0,0,0,1,1,0,0,1
33846,0,0,0,0,0,0,0,1,0,0,0,0,0,0,0,0,0,0,0,0,0,0,0,0
13367,0,0,0,0,0,1,2,0,1,0,0,0,1,0,1,0,0,0,0,0,2,0,0,0
33847,0,0,0,0,0,0,0,0,0,0,0,0,0,0,0,0,1,0,0,0,0,0,0,0
13368,0,0,0,0,0,2,1,2,1,0,0,0,0,0,0,0,0,0,0,1,1,0,0,1
33848,0,0,0,0,0,0,0,0,0,0,0,0,0,0,0,0,1,0,0,0,0,0,0,0
13369,0,0,0,0,0,1,1,0,1,0,0,0,0,1,1,0,0,0,0,0,2,0,0,0
13370,0,0,0,0,0,2,0,2,1,0,0,0,0,0,0,0,0,0,0,1,1,0,0,1
33850,0,1,0,0,0,0,0,0,0,0,0,0,0,0,0,0,0,0,0,0,0,0,0,0
13371,4,0,0,0,0,2,3,4,0,1,1,0,0,0,0,0,0,1,0,0,0,0,1,0
13372,2,0,2,0,0,1,4,3,3,2,0,0,0,1,0,0,0,1,2,0,0,0,0,1
13373,0,0,0,0,0,1,1,0,1,0,1,0,0,0,0,0,0,0,0,0,1,0,0,0
13374,0,0,0,0,0,1,2,1,1,0,0,0,0,1,2,0,0,0,0,0,0,0,0,0
13375,4,0,0,0,0,2,5,5,1,1,1,0,0,0,0,0,0,1,0,0,0,0,1,0
13378,0,0,0,0,0,1,1,0,1,0,1,0,0,0,0,0,0,0,0,0,1,0,0,0
13379,0,0,0,0,0,1,2,1,1,0,0,0,0,1,2,0,0,0,0,0,0,0,0,0
13380,0,0,0,0,0,0,2,1,0,1,0,0,0,1,2,0,0,0,0,0,0,0,0,1
13381,0,0,0,0,0,0,0,0,1,1,0,0,0,0,0,0,0,0,0,0,0,0,0,1
33861,1,1,0,0,0,2,4,0,1,2,0,1,0,0,1,0,0,0,0,1,0,0,0,0
13382,0,0,0,0,0,0,2,0,1,0,0,0,0,0,0,0,0,0,0,0,0,0,0,0
13386,0,0,0,0,0,2,1,0,1,0,1,0,0,0,0,0,0,0,0,0,1,0,0,0
13387,0,0,0,0,0,0,2,1,0,1,0,0,0,1,2,0,0,0,0,0,0,0,0,1
13388,0,0,0,0,0,2,0,2,1,0,0,0,0,0,0,0,0,0,0,1,1,0,0,1
13389,0,0,0,0,0,1,1,0,1,0,0,0,0,1,1,0,0,0,0,0,2,0,0,0
13390,0,0,0,0,0,0,0,0,0,0,0,0,0,1,1,0,0,0,0,0,0,0,0,0
13391,0,0,0,0,0,1,0,1,0,0,0,0,0,0,0,0,0,0,0,0,0,0,0,0
13392,0,0,0,0,0,1,1,1,0,0,0,0,0,0,0,0,0,0,0,0,0,0,0,0
13393,2,0,2,0,0,1,3,2,3,2,0,0,0,1,0,0,0,1,1,0,0,0,0,1
13395,4,0,0,0,0,2,3,5,0,1,1,0,0,0,0,0,0,1,0,0,0,0,1,0
13396,1,0,0,0,0,0,1,1,2,1,0,0,0,0,0,0,0,0,0,0,0,0,0,0
13397,4,0,0,0,0,2,0,5,0,1,1,0,0,0,0,0,0,1,0,0,0,0,1,0
13398,2,0,2,0,0,1,3,2,3,2,0,0,0,1,0,0,0,1,1,0,0,0,0,1
13399,0,0,0,0,0,0,1,0,0,0,0,0,0,0,1,0,0,0,0,0,0,0,0,0
13400,0,0,0,0,0,2,3,3,0,0,0,0,0,0,0,0,0,0,0,0,0,0,0,0
13401,4,0,0,0,0,2,0,5,1,1,1,0,0,0,0,0,0,1,0,1,1,0,1,1
13404,0,0,0,0,0,0,1,0,0,0,0,0,0,0,0,0,0,0,0,0,0,0,0,0
13405,0,0,0,0,0,2,1,1,0,0,0,0,0,0,0,0,0,0,0,1,0,0,0,0
13406,1,0,0,0,0,0,2,1,0,1,0,0,0,0,0,0,0,0,0,0,0,0,0,0
13407,0,0,0,0,0,2,2,0,0,0,0,0,0,0,0,0,0,0,0,1,0,0,0,0
13408,1,0,0,0,0,0,2,1,0,1,0,0,0,0,0,0,0,0,0,0,0,0,0,0
13409,0,0,0,0,0,2,1,1,0,0,0,0,0,0,0,0,0,0,0,0,1,0,0,0
13410,0,0,0,0,0,2,2,0,0,0,0,0,0,0,0,0,0,0,0,1,0,0,0,0
13411,1,0,0,0,0,0,2,1,0,1,0,0,0,0,0,0,0,0,0,0,0,0,0,0
13412,1,0,0,0,0,0,3,1,0,1,1,0,0,0,0,0,0,0,0,0,1,0,0,0
13413,0,1,0,0,0,1,2,3,0,0,0,0,0,1,1,0,0,0,1,0,1,0,0,0
13414,0,0,0,0,0,0,0,0,0,1,0,0,0,0,0,0,0,0,0,0,0,0,0,0
13416,1,0,0,0,0,0,2,1,0,1,0,0,0,0,0,0,0,0,0,0,0,0,0,0
13417,0,0,0,0,0,2,2,0,0,0,0,0,0,0,0,0,0,0,0,1,0,0,0,0
13418,0,0,1,0,0,1,2,0,0,1,1,0,0,0,0,0,0,0,0,0,1,0,0,0
13419,1,1,0,0,0,1,5,6,0,0,0,0,1,1,1,0,0,1,1,0,0,0,1,0
13420,1,1,1,0,0,1,4,0,1,2,1,1,0,0,1,1,1,0,0,1,1,0,0,0
13421,0,0,0,0,0,2,4,4,0,0,0,0,1,0,0,0,0,1,0,0,0,0,1,0
13422,0,1,0,0,0,0,3,0,0,1,0,0,0,0,0,0,0,0,0,0,0,0,0,0
13423,1,0,1,0,0,0,3,1,0,1,1,0,0,0,0,0,0,0,0,0,1,0,0,0
13424,0,1,0,0,0,1,2,2,0,0,0,0,0,1,1,0,0,0,1,0,1,0,0,0
13425,0,0,0,0,0,0,0,1,0,0,0,0,0,0,0,0,0,0,0,0,0,0,0,0
13426,0,0,0,0,0,0,0,0,1,0,0,0,0,1,1,0,0,0,0,1,0,0,0,0
13427,1,0,0,0,0,2,4,1,0,0,0,0,0,0,0,0,0,1,0,0,0,0,1,0
13428,1,1,0,0,0,0,4,3,2,2,1,0,0,2,0,1,0,0,0,0,0,0,2,1
13430,0,1,0,0,0,0,0,0,0,1,0,0,0,0,1,0,0,0,0,1,0,0,0,0
13431,1,0,0,0,0,1,1,0,1,0,0,0,0,1,0,0,0,0,0,0,0,0,0,0
13432,0,1,0,0,0,0,0,0,0,1,0,0,0,0,1,0,0,0,0,1,0,0,0,0
13433,1,0,0,0,0,1,1,1,1,0,0,0,0,1,0,0,0,0,0,0,0,0,0,0
13434,0,0,0,0,0,0,0,1,0,0,0,0,0,1,1,0,0,0,0,1,0,0,0,0
13435,1,0,0,0,0,1,1,1,1,0,0,0,1,0,0,0,0,0,0,0,0,0,0,0
13436,0,1,0,0,0,0,0,0,0,1,0,0,0,0,1,0,0,0,0,1,0,0,0,0
13438,0,1,0,0,0,0,0,0,0,1,0,0,0,0,1,0,0,0,0,1,0,0,0,0
13439,0,0,0,0,0,2,2,0,0,0,0,0,0,0,0,0,0,0,0,0,0,0,0,0
13440,0,0,0,0,0,0,1,0,0,0,0,0,0,1,0,0,0,0,0,0,0,0,0,0
13442,0,0,0,0,0,0,1,0,0,0,0,0,0,0,0,0,0,0,0,0,0,0,0,0
13445,0,0,0,0,0,0,0,0,0,0,0,0,0,1,0,0,0,0,0,0,0,0,0,0
13446,0,0,0,0,0,0,0,0,0,1,0,0,0,0,0,0,0,0,0,0,0,0,0,0
13448,0,0,0,0,0,0,0,0,0,0,0,0,0,1,0,0,0,0,0,0,0,0,0,0
13449,0,0,0,0,0,0,0,0,0,0,0,0,0,0,0,0,1,0,0,0,0,0,0,0
13450,0,0,0,0,0,0,1,0,0,0,0,0,0,0,0,0,0,0,0,0,1,0,0,0
13451,4,0,0,0,0,3,1,5,1,1,1,0,0,0,0,0,0,1,0,1,1,0,1,1
13452,2,0,2,0,0,1,4,2,3,2,0,0,0,1,1,0,0,1,1,0,0,0,0,1
13453,0,0,0,0,0,0,0,0,0,0,0,0,0,0,0,0,0,0,0,0,1,0,0,0
13454,2,0,2,0,0,3,3,2,4,2,0,0,0,1,1,0,0,1,1,1,0,0,0,1
13455,4,0,0,0,0,3,1,4,1,1,1,0,0,0,0,0,0,1,0,1,2,0,1,1
13456,4,0,0,0,0,4,2,8,1,1,1,0,0,0,0,0,0,1,0,1,1,0,1,2
13458,2,0,2,0,0,3,5,2,4,2,0,0,0,1,1,0,0,1,1,1,1,0,0,1
13459,0,0,0,0,0,0,1,1,0,0,0,0,0,0,0,0,0,0,0,0,0,0,0,0
13460,0,0,0,0,0,0,0,0,0,0,0,0,0,0,0,0,0,0,0,0,1,0,0,0
13461,0,0,0,0,0,0,1,1,0,0,0,0,0,0,0,0,0,0,0,0,0,0,0,0
13465,1,0,1,0,0,1,3,2,2,2,0,0,0,1,0,0,0,0,0,1,0,0,0,1
13466,3,0,0,0,0,3,0,2,1,1,1,0,0,0,0,0,0,0,0,1,0,0,1,1
13467,1,0,1,0,0,0,0,0,2,0,0,0,0,0,0,0,0,0,0,0,0,0,0,0
15516,0,0,0,0,0,0,1,0,0,0,0,0,0,0,0,0,0,0,0,0,0,0,0,0
13469,0,0,0,0,0,0,1,0,0,1,0,0,0,1,0,0,0,0,0,0,1,0,0,0
15517,0,0,0,0,0,0,1,0,0,0,0,0,0,0,0,0,0,0,0,0,0,0,0,0
13470,0,0,0,0,0,0,1,3,0,0,0,0,0,0,0,0,0,1,0,0,1,0,0,0
15518,0,0,0,0,0,0,1,0,0,0,0,0,0,0,0,0,0,0,0,0,0,0,0,0
13471,1,0,0,0,0,1,1,2,0,0,0,0,0,0,0,0,0,0,0,0,0,0,0,0
13472,1,0,1,0,0,0,0,0,2,0,0,0,0,0,1,0,0,0,0,0,0,0,0,0
15520,0,0,0,0,0,0,1,0,0,0,0,0,0,0,0,0,0,0,0,0,0,0,0,0
13473,0,0,0,0,0,0,1,4,0,0,0,0,0,0,0,0,1,1,0,0,1,0,0,1
13474,0,0,0,0,0,2,2,0,0,0,0,0,0,1,0,0,0,1,0,0,0,1,0,0
13475,1,0,0,0,0,1,1,2,0,0,0,0,0,0,0,0,0,0,0,0,0,0,0,0
13476,0,0,0,0,0,0,2,4,1,0,0,0,0,0,0,0,1,1,0,0,0,0,0,1
13477,0,0,0,0,0,0,0,0,0,0,0,0,0,0,0,0,0,0,0,0,1,0,0,0
13478,0,0,0,0,0,1,0,0,0,1,0,0,0,0,0,0,0,0,0,0,0,0,0,0
13479,0,0,0,0,0,0,2,3,1,1,0,0,0,0,0,0,0,1,0,0,0,0,0,1
13480,0,1,0,0,0,0,5,8,4,1,1,1,0,2,0,0,0,1,0,0,1,1,0,0
13481,0,0,0,0,0,2,3,9,3,1,0,1,0,0,6,2,1,1,0,0,1,0,0,1
13482,0,0,0,0,0,0,1,1,0,1,0,0,0,0,0,0,0,0,0,0,1,0,0,0
13483,0,0,0,0,0,2,0,5,0,1,0,0,0,1,0,0,0,1,0,1,1,0,2,0
13484,0,0,0,0,0,1,2,0,1,0,0,0,0,0,1,1,0,0,0,0,0,0,0,0
13485,0,0,0,0,0,2,3,1,0,1,0,0,0,0,1,0,0,1,0,0,0,0,0,0
13486,0,0,0,0,0,0,0,0,0,0,0,0,0,1,0,0,0,0,0,0,0,0,0,0
13487,0,0,0,0,0,0,0,1,0,0,0,1,1,0,0,0,1,0,0,0,0,0,0,0
13488,0,0,0,0,0,1,0,2,0,0,0,0,0,3,0,0,0,0,0,1,0,0,0,0
13489,0,0,0,0,0,1,0,1,0,0,0,0,0,3,0,0,0,0,0,1,0,0,0,0
13490,0,0,0,0,0,0,0,1,0,0,0,0,0,2,0,0,0,0,0,1,0,0,0,0
13491,0,1,0,0,0,1,6,8,4,1,0,2,0,2,0,0,0,1,0,0,1,1,0,0
13492,0,0,0,0,0,0,0,1,0,0,0,0,0,0,0,0,0,0,0,0,0,0,0,0
13493,0,0,0,0,0,0,0,0,0,0,0,0,0,0,0,0,1,0,0,0,0,0,0,0
13494,1,0,1,0,0,0,3,2,1,2,0,0,0,1,0,0,0,0,0,0,0,0,0,1
13496,3,0,0,0,0,2,1,2,1,1,1,0,0,0,0,0,0,0,0,1,0,0,1,1
13498,1,0,0,0,0,0,0,0,0,0,0,0,0,0,0,0,0,0,0,0,0,0,0,0
13499,1,0,0,0,0,3,1,0,0,2,0,1,0,0,1,1,1,0,0,0,0,0,0,0
13500,0,1,0,0,0,3,10,9,2,0,1,1,1,1,2,0,0,0,1,1,1,0,0,0
13501,0,0,0,0,0,0,1,1,0,1,0,0,0,0,0,0,0,0,0,0,0,0,0,0
13502,1,0,1,0,0,0,0,0,2,0,0,0,0,0,1,0,0,0,0,0,0,0,0,0
13503,1,0,0,0,0,1,1,2,0,0,0,0,0,0,0,0,0,0,0,0,0,0,0,0
13504,1,0,0,0,0,0,0,0,0,0,0,0,0,0,0,0,0,0,0,0,0,0,0,0
13505,0,0,0,0,0,1,1,2,0,0,0,0,0,0,0,0,0,0,0,0,0,0,0,0
13506,3,1,0,0,0,1,4,1,0,1,1,0,0,0,0,0,0,1,0,0,0,0,1,0
13507,0,0,0,0,0,0,2,2,0,0,0,0,0,0,0,0,0,0,1,0,1,0,0,0
13508,3,1,0,0,0,1,2,3,0,1,1,0,0,0,0,0,0,0,1,0,1,0,1,0
13509,1,1,1,0,0,3,1,0,0,2,1,0,0,0,1,1,2,0,0,0,0,0,0,0
13510,0,1,0,0,0,2,4,1,2,0,0,1,1,4,0,2,2,1,0,0,1,1,0,1
13511,0,1,0,0,0,1,1,2,0,0,0,0,0,0,0,0,0,0,0,0,0,0,0,0
13512,1,0,1,0,0,0,0,0,2,0,0,0,0,0,1,0,0,0,0,0,0,0,0,0
13513,0,0,0,0,0,0,0,0,0,0,0,0,0,0,0,0,1,0,0,0,0,0,0,0
13514,0,0,0,0,1,1,6,2,0,0,0,0,0,0,0,0,0,1,1,0,1,0,0,0
13515,2,5,0,0,0,0,2,1,0,0,0,0,0,0,0,0,0,0,0,0,0,0,0,2
13516,1,0,0,0,0,2,0,0,0,1,0,1,1,0,0,0,1,0,0,0,0,0,0,0
13517,0,0,0,0,0,0,0,1,1,0,0,0,1,0,0,0,0,0,0,0,0,0,0,0
13518,0,0,0,0,0,0,0,0,0,0,0,0,0,1,0,0,0,0,0,1,0,0,0,0
13519,0,1,0,0,0,0,0,0,0,0,0,0,0,0,1,0,0,0,0,1,0,0,0,0
13520,1,0,0,0,0,0,0,1,1,0,0,0,1,0,0,0,0,0,0,0,0,0,0,0
13521,0,0,0,0,0,0,0,0,1,0,0,0,1,0,0,0,0,0,0,0,0,0,0,0
13522,0,0,0,0,0,0,0,0,0,0,0,0,0,1,0,0,0,0,0,1,0,0,0,0
13523,0,0,0,0,0,0,0,0,1,0,0,0,1,0,0,0,0,0,0,0,0,0,0,0
13524,0,0,0,0,0,0,0,0,0,0,0,0,0,1,0,0,0,0,1,0,0,0,0,0
13525,1,1,0,0,0,0,3,1,1,1,0,0,0,1,0,0,0,0,1,0,0,0,0,0
13526,0,0,0,0,0,1,0,0,2,0,1,0,1,0,0,0,0,0,0,1,1,0,0,0
13527,0,0,0,0,0,0,0,0,0,0,0,0,0,0,0,0,0,0,0,0,0,0,0,0
13528,0,1,0,0,0,0,3,0,0,0,0,0,1,1,0,0,0,0,0,0,0,0,1,0
13529,1,1,0,0,0,2,4,5,0,1,0,1,0,1,0,0,0,0,0,0,0,0,0,1
13531,1,0,0,0,0,5,3,5,3,1,1,0,0,0,1,0,0,0,0,0,0,1,1,0
13532,0,0,0,0,0,1,1,3,0,0,0,0,0,0,0,0,0,0,0,0,0,0,0,0
13533,0,0,0,0,0,0,0,1,1,0,0,0,0,1,1,0,1,0,1,0,0,0,0,0
13534,1,1,0,0,0,1,6,9,14,7,4,4,4,4,2,6,3,0,4,7,1,3,1,2
13537,0,0,0,0,0,0,3,0,0,0,0,0,0,1,0,0,0,0,0,0,0,0,1,0
13538,0,0,0,0,0,0,5,1,0,1,1,1,0,1,0,0,0,0,0,0,0,0,0,1
13539,0,6,0,0,0,1,1,0,1,0,0,0,0,0,0,0,0,0,0,1,0,0,0,0
13540,0,0,0,0,0,2,4,5,1,2,2,1,0,1,1,1,0,2,1,1,0,0,1,0
13541,0,0,0,0,0,0,1,0,0,0,0,0,0,0,0,0,0,0,0,0,0,0,0,0
13542,2,1,0,0,0,1,5,6,3,1,0,1,0,2,0,1,1,1,0,0,1,1,0,0
13543,1,0,0,0,0,4,1,0,0,2,1,0,0,0,1,2,0,1,0,0,0,0,0,0
13544,0,2,0,0,0,1,3,3,1,2,2,1,1,1,1,1,1,0,1,1,0,0,2,0
13545,2,0,0,0,0,0,0,1,0,1,0,1,0,0,0,1,0,0,0,0,0,0,0,0
13546,0,0,0,0,0,0,0,0,0,0,1,0,0,0,0,0,0,0,0,0,0,0,0,0
13547,0,0,0,0,0,0,0,0,0,1,0,0,0,0,0,0,0,0,0,0,0,0,0,0
13548,0,0,0,0,0,1,0,0,0,1,0,0,0,0,1,0,0,0,0,0,0,0,0,0
13549,0,0,0,0,0,1,1,1,1,0,0,1,1,0,0,0,1,0,0,0,0,0,0,0
13550,0,0,0,0,0,0,0,0,0,0,0,0,0,1,0,0,0,0,0,0,0,0,0,0
13551,0,0,0,0,0,1,0,1,0,0,0,0,0,1,0,0,0,0,0,0,0,0,0,0
13552,0,0,0,0,0,0,2,1,1,0,0,0,0,2,0,1,0,0,0,0,0,0,0,0
13554,0,1,0,0,0,0,3,1,1,0,0,0,0,1,0,0,0,0,0,0,0,0,0,0
13555,0,0,0,0,0,1,1,0,1,0,0,0,0,0,0,1,0,0,0,0,0,0,0,0
13556,1,0,0,0,0,0,1,1,0,0,0,0,0,0,0,0,0,0,0,0,0,0,0,0
13557,0,0,0,0,0,0,0,0,1,0,0,0,0,0,0,1,0,0,0,0,0,0,0,0
13558,3,0,2,0,0,4,4,7,2,5,3,0,0,1,1,2,0,1,1,1,1,1,1,0
13559,3,1,0,0,0,3,5,4,2,2,1,0,0,0,1,1,0,1,1,0,2,0,1,1
13560,1,0,0,0,0,1,2,0,1,0,0,0,0,1,0,1,0,0,0,0,0,0,0,0
13561,1,2,1,0,0,3,2,0,0,2,1,0,0,0,0,2,0,0,0,0,0,0,1,0
13562,0,0,0,0,0,0,2,1,0,0,0,0,0,1,0,0,0,0,0,0,0,0,0,0
13563,0,1,0,0,0,0,1,0,1,0,0,0,0,0,0,0,0,0,0,0,0,0,0,0
13564,0,0,0,0,0,1,0,0,0,0,1,0,0,0,0,0,0,1,0,0,0,0,0,0
13565,0,0,0,0,0,1,0,0,0,0,0,0,0,1,0,0,0,0,0,0,0,0,0,0
13567,0,1,0,0,0,1,0,0,1,0,0,0,0,0,0,0,1,0,0,0,0,0,0,0
13568,0,0,0,0,0,0,0,0,0,0,1,0,0,0,0,0,0,0,0,0,0,0,0,0
13569,1,0,0,0,0,1,0,0,0,0,0,0,0,0,0,1,0,0,0,0,0,0,0,0
13570,0,1,0,0,0,2,0,1,1,0,0,0,0,0,0,0,1,0,0,0,0,0,0,0
13571,0,0,0,0,0,0,0,0,0,1,0,0,0,0,0,0,0,0,0,0,0,0,0,0
13572,0,1,0,0,0,2,0,0,1,0,0,0,0,0,0,0,1,0,0,0,0,0,0,0
13573,0,0,0,0,0,2,0,0,0,0,0,0,0,1,0,0,0,0,0,0,0,0,0,0
13574,1,1,0,0,0,1,0,1,0,0,0,0,0,0,1,1,0,0,0,0,0,0,0,0
13575,0,2,0,0,0,3,0,2,0,1,0,0,0,0,0,0,1,0,0,0,0,0,1,0
13578,0,1,0,0,0,1,0,1,0,1,0,0,0,0,0,0,0,0,0,0,0,0,1,0
13580,1,1,0,0,0,3,0,3,1,1,0,0,0,0,0,0,0,0,0,0,0,2,1,0
13581,0,0,0,0,0,0,1,1,1,0,0,0,0,0,0,1,0,0,0,0,0,1,0,0
13582,0,0,0,0,0,1,1,1,0,0,0,0,0,0,0,0,0,0,0,0,0,0,1,0
13583,1,3,0,0,0,1,3,4,0,1,0,0,0,1,1,0,1,0,1,0,1,1,0,0
13584,0,0,0,0,0,1,0,1,0,0,0,0,0,0,0,0,0,0,0,0,0,0,1,0
13585,1,0,0,0,0,1,0,0,0,0,0,0,0,1,0,0,1,0,0,0,0,0,0,0
13586,0,1,0,0,0,1,0,0,0,0,0,0,0,0,0,0,1,0,0,0,0,0,0,0
13588,1,0,1,0,0,2,3,8,1,3,0,0,0,1,1,0,0,1,0,1,1,1,1,1
13589,0,0,0,0,0,1,1,1,2,0,0,0,0,0,0,1,0,0,1,0,0,0,0,0
13590,3,0,0,0,0,1,3,2,0,1,1,0,0,0,0,2,0,0,1,0,2,0,1,2
13591,0,1,0,0,0,1,0,1,1,0,0,0,0,0,0,1,0,0,0,0,0,2,0,0
13592,0,0,0,0,0,0,2,0,0,0,0,0,0,0,0,0,0,0,0,0,0,1,0,0
13593,1,1,0,0,0,4,4,8,2,3,1,0,0,1,1,2,0,0,0,0,0,1,1,0
13594,2,1,0,0,0,1,1,2,1,1,1,0,0,1,0,0,0,0,0,0,0,0,0,0
13595,1,1,0,0,0,2,5,8,2,3,1,0,0,1,0,2,0,0,0,0,0,1,1,0
13596,3,0,0,0,0,2,3,2,2,1,1,0,0,0,1,3,0,0,2,0,3,0,1,2
13597,1,1,0,0,0,2,5,6,2,3,1,0,0,0,0,2,0,0,0,0,0,1,1,0
13598,3,0,0,0,0,1,1,2,1,1,0,0,2,2,1,2,2,0,1,1,0,1,0,0
13599,1,0,0,0,0,0,0,0,1,0,0,0,0,0,0,0,0,0,0,0,0,0,0,0
13600,0,0,0,0,0,0,3,3,0,1,0,0,0,0,0,1,0,0,0,0,0,0,0,0
13601,1,0,0,0,0,3,10,7,3,1,3,1,1,0,0,0,1,0,0,0,1,0,0,1
13602,0,1,0,0,0,0,5,0,0,1,0,0,0,1,0,0,0,0,1,0,0,0,1,0
13603,0,1,0,0,0,1,3,1,0,0,1,1,0,1,1,0,0,0,1,0,0,0,0,1
13604,0,0,0,0,0,2,2,0,0,0,0,0,0,0,0,0,0,0,0,0,0,0,0,0
13605,0,0,0,0,0,0,1,0,0,1,0,0,0,1,0,0,0,0,0,0,0,0,0,0
13606,0,1,0,0,0,0,4,0,0,1,0,0,0,1,0,0,0,0,0,0,0,1,0,0
13607,0,1,0,0,0,1,3,0,0,0,1,1,0,1,0,0,0,0,0,0,0,0,0,1
13608,0,1,0,0,0,0,2,0,1,0,0,0,0,1,0,0,0,0,0,0,0,0,0,0
13609,0,1,0,0,0,0,4,0,0,1,0,0,0,1,0,0,0,0,0,0,0,1,0,0
13610,0,1,0,0,0,2,2,0,0,0,1,0,0,1,0,0,0,0,0,0,0,0,0,0
13612,0,0,0,0,0,1,0,2,0,0,0,1,1,0,0,0,1,0,0,0,0,1,0,0
13614,0,1,0,0,0,0,2,0,1,0,0,0,0,1,0,0,0,0,0,0,0,0,0,0
13615,0,1,0,0,0,2,2,0,0,0,1,0,0,1,0,0,0,0,0,0,0,0,0,0
13616,0,1,0,0,0,0,2,0,1,0,0,0,0,1,0,0,0,0,0,0,0,0,0,0
13617,0,1,0,0,0,2,2,0,0,0,1,0,0,1,0,0,0,0,0,0,0,0,0,0
13618,0,1,0,0,0,1,2,0,0,0,1,0,0,2,0,0,0,0,0,0,0,0,0,0
13619,0,1,0,0,0,1,3,0,0,0,0,0,0,1,0,0,0,0,0,0,0,0,0,0
13620,0,0,0,0,0,0,0,0,0,0,1,0,0,0,0,0,0,0,0,0,0,0,0,0
13621,0,0,0,0,0,0,0,1,0,0,0,0,0,0,0,0,0,0,0,0,0,0,0,0
13622,0,0,0,0,0,0,0,0,0,0,0,0,0,1,0,0,0,0,0,0,0,0,0,0
13623,0,0,0,0,0,0,0,0,0,0,1,0,0,0,0,0,0,0,0,0,0,0,0,0
13624,0,0,0,0,0,0,0,1,0,0,0,0,0,0,0,0,0,0,0,0,0,0,0,0
13625,0,0,0,0,0,0,0,0,0,0,1,0,0,0,0,0,0,0,0,0,0,0,0,0
13626,0,0,0,0,0,0,0,1,0,0,0,0,0,0,0,0,0,0,0,0,0,0,0,0
13627,0,0,0,0,0,1,3,0,0,1,0,0,0,0,0,0,0,0,0,0,0,1,0,0
13628,0,0,0,0,0,1,1,1,1,0,1,0,0,0,0,0,0,0,0,0,0,0,0,1
13629,0,1,0,0,0,2,3,2,1,2,1,1,1,0,0,2,1,0,0,0,0,2,1,0
13630,0,0,0,0,0,1,0,0,0,1,0,0,0,0,0,0,0,0,0,0,0,1,0,0
13632,0,2,0,0,0,1,0,3,1,1,0,0,1,0,0,1,2,0,0,0,0,0,0,0
13633,0,0,0,0,0,0,0,0,0,0,1,0,0,0,0,0,0,0,0,0,0,0,0,0
13634,0,0,0,0,0,0,0,0,0,0,2,0,0,0,0,0,0,0,0,0,0,0,0,0
13635,0,0,0,0,0,3,3,3,1,0,0,0,0,0,0,3,0,0,1,0,0,0,0,0
13636,0,0,0,0,0,2,5,6,1,1,0,0,0,0,1,0,1,0,0,0,0,0,0,0
13637,0,0,0,0,0,0,2,0,0,0,1,0,0,0,0,0,0,0,0,0,0,1,1,0
13638,0,0,0,0,0,2,0,2,0,0,0,0,0,0,0,0,0,0,0,0,0,1,0,1
13639,0,0,0,0,0,0,3,1,0,2,1,0,0,1,0,0,0,0,0,0,1,1,1,0
13640,0,0,0,0,0,1,3,0,0,1,0,0,0,0,0,0,0,0,0,0,0,0,1,0
36168,0,0,0,0,0,0,0,1,0,0,0,0,0,0,0,0,0,0,0,1,0,0,0,0
13641,0,0,0,0,0,0,1,1,0,2,0,0,0,1,0,0,0,0,0,0,0,1,0,0
13642,0,0,0,0,0,0,1,1,0,2,0,0,0,1,0,0,0,0,0,0,1,1,0,0
13643,0,0,0,0,0,1,3,0,0,1,0,0,0,0,0,0,0,0,0,0,0,0,1,0
13644,0,0,0,0,0,0,1,1,0,2,0,0,0,1,0,0,0,0,0,0,0,1,0,0
13645,0,0,0,0,0,1,2,0,0,1,0,0,0,0,0,0,0,0,0,0,0,0,1,0
13646,0,0,0,1,0,0,0,1,0,0,0,0,0,0,0,0,0,0,0,0,0,0,0,0
13647,0,0,0,1,0,0,1,1,0,1,0,0,0,0,0,0,0,0,0,0,0,0,0,0
13648,0,1,0,0,0,0,1,1,1,1,0,0,0,0,0,0,0,0,0,0,0,0,0,0
13649,0,0,0,0,0,0,0,0,0,1,0,0,0,0,0,0,0,0,0,0,0,0,0,0
13650,1,3,0,0,0,2,4,1,1,1,2,0,0,1,0,2,0,1,0,0,0,0,0,0
13651,2,3,0,0,0,1,3,2,1,0,0,0,0,0,1,1,0,0,1,0,1,0,0,0
13652,0,0,1,0,0,2,1,0,0,0,0,0,0,0,0,0,0,0,0,0,0,0,1,0
13653,1,0,0,0,0,0,1,3,0,1,0,0,0,1,0,0,0,0,0,0,0,1,0,0
13654,1,1,0,0,0,1,2,2,1,0,0,0,0,0,0,1,0,0,1,0,1,0,0,0
13655,0,0,0,0,0,0,0,1,0,0,0,1,0,0,0,0,1,0,0,0,0,0,0,0
13656,0,1,0,0,0,2,3,0,1,0,0,0,0,1,0,0,0,0,0,0,0,0,1,0
13657,0,1,0,0,0,0,0,1,0,0,0,0,1,2,2,1,1,0,1,1,0,1,0,0
13658,1,2,1,0,0,2,2,1,0,1,2,0,0,0,0,2,0,1,0,0,0,0,0,0
13659,1,3,0,0,0,0,0,1,0,0,0,0,0,0,0,0,0,0,0,0,0,0,0,0
13660,0,11,1,0,0,2,2,1,0,0,1,1,1,1,2,2,0,0,1,2,0,1,1,0
13661,0,0,0,0,0,0,0,0,0,1,0,0,0,0,0,0,0,0,0,0,0,0,0,0
13662,0,0,0,0,0,0,1,0,0,1,0,0,0,0,0,0,0,0,0,0,0,0,0,0
13664,0,0,0,0,0,1,0,0,0,0,0,0,0,1,0,0,0,0,0,0,0,0,0,0
13667,0,0,0,0,0,0,2,4,2,2,1,0,1,0,0,0,0,0,0,0,0,2,0,0
13669,0,0,0,0,0,2,1,0,0,0,0,0,0,0,0,0,0,0,0,0,0,0,1,0
13670,1,1,0,0,0,1,3,3,2,0,0,0,0,1,0,1,0,0,1,0,1,1,0,0
36198,0,0,0,0,0,0,0,0,0,0,0,0,0,0,1,0,0,0,0,0,0,0,0,0
13671,0,0,0,0,0,1,0,0,0,0,0,0,1,1,0,0,0,0,0,0,0,0,0,0
13674,1,1,0,0,0,2,0,0,0,0,0,0,0,0,0,0,0,0,0,0,0,0,1,0
13675,3,0,0,0,0,1,3,1,0,1,1,0,0,0,0,1,0,0,0,0,2,0,1,2
13676,1,0,0,0,0,1,0,2,0,0,0,0,1,0,0,0,0,0,0,0,0,0,0,0
13677,0,0,0,0,0,0,0,1,0,0,0,0,0,0,1,0,0,0,0,0,0,0,0,0
13678,0,0,0,0,0,0,0,0,0,1,0,0,1,0,0,0,0,0,0,0,0,0,0,0
13679,3,1,0,1,0,2,1,8,2,4,3,0,0,2,0,2,1,0,1,2,1,2,1,1
13680,3,1,0,0,0,3,0,3,1,2,0,0,0,1,0,1,0,0,0,0,0,0,0,1
13681,1,2,1,0,0,1,1,0,0,1,1,0,0,0,0,2,0,0,0,0,0,0,0,0
13682,0,0,0,0,0,0,0,0,1,0,0,0,0,0,0,1,0,0,0,0,0,0,0,0
13683,1,3,0,0,0,1,5,6,4,2,1,0,0,1,0,0,0,0,1,0,1,2,0,0
13684,0,2,1,0,0,2,1,0,0,0,0,0,0,0,0,0,0,0,0,0,0,0,1,0
13685,0,0,0,0,0,0,0,0,1,0,0,0,0,0,0,1,0,0,0,0,0,0,0,0
13686,0,0,0,0,0,1,1,0,0,0,0,0,0,0,0,0,0,0,0,0,0,0,0,0
13687,1,0,0,0,0,1,1,0,0,0,0,0,0,0,0,0,0,0,0,0,0,0,0,0
13688,0,3,0,0,0,0,3,8,4,2,1,0,0,1,0,0,0,0,1,0,1,2,0,0
13689,0,0,1,0,0,2,2,0,0,1,1,0,0,0,0,2,0,0,0,0,0,0,1,1
13690,0,0,0,0,0,0,1,7,2,2,1,0,0,0,0,0,0,0,0,0,0,1,0,0
13691,1,0,0,0,0,1,1,0,0,0,0,0,0,0,0,0,0,0,0,0,0,0,0,0
13692,0,0,0,0,0,0,0,0,1,0,0,0,0,0,0,1,0,0,0,0,0,0,0,0
13693,0,0,0,0,0,1,1,0,0,0,0,0,0,0,0,0,0,0,0,0,0,0,0,0
13694,3,1,0,0,0,2,0,4,1,2,0,0,0,1,0,0,0,0,1,0,0,0,1,1
34174,0,0,0,0,0,0,0,0,0,0,0,0,0,0,0,0,1,1,0,0,0,0,0,0
13695,0,0,0,0,0,0,2,2,0,0,0,0,0,0,0,1,0,0,0,0,0,0,0,0
13698,0,0,0,0,0,2,1,0,0,0,0,0,0,0,0,0,0,0,0,0,0,0,1,0
13699,0,2,0,0,0,1,0,0,0,1,0,0,0,0,0,0,0,0,0,0,0,0,0,1
13700,2,2,1,0,0,0,6,2,5,1,0,0,0,1,0,0,0,0,1,0,1,1,0,1
13701,2,0,0,0,0,1,0,5,0,0,0,0,0,0,0,0,0,0,0,0,0,0,0,0
13702,1,0,0,0,0,0,0,1,1,1,0,0,0,0,0,0,0,0,0,0,0,0,0,0
13703,1,1,0,0,0,1,0,2,0,0,0,0,0,1,0,0,0,0,0,0,0,0,0,0
13704,1,0,0,0,0,1,0,2,0,0,0,0,1,0,0,0,0,0,0,0,0,0,0,0
13705,1,0,0,0,0,1,0,2,0,1,0,1,0,1,0,0,0,0,0,0,0,0,0,0
13706,0,0,0,0,0,0,0,0,0,1,0,0,1,0,0,0,0,0,0,0,0,0,0,0
13707,0,0,0,0,0,0,0,1,0,0,0,0,0,0,1,0,0,0,0,0,0,0,0,0
13708,0,0,0,0,0,0,0,0,1,0,0,0,0,0,0,1,0,0,0,0,0,0,0,0
13709,0,0,0,0,0,0,1,0,0,0,0,0,1,1,0,0,0,0,0,0,0,0,0,0
13710,0,0,0,0,0,0,0,4,0,1,0,1,0,1,0,0,0,0,0,1,0,0,0,0
13711,0,0,0,0,0,1,0,0,0,1,0,0,1,0,0,0,0,0,0,0,0,0,0,0
13712,1,0,0,0,0,0,2,0,2,0,0,0,1,0,0,1,0,0,0,0,0,0,0,0
13713,1,0,0,0,0,3,1,3,0,1,0,0,0,0,1,0,0,0,0,0,0,0,0,0
13714,0,0,0,0,0,0,2,0,1,0,0,0,1,1,0,0,0,0,0,0,0,0,0,0
13715,1,1,0,0,0,1,1,0,0,0,0,0,0,0,0,0,0,0,0,0,0,0,0,0
13716,1,1,0,0,0,1,1,0,0,0,0,0,0,0,0,0,0,0,0,0,0,0,0,0
13717,3,0,0,0,0,4,0,7,2,4,1,0,0,2,0,2,0,0,1,0,1,2,0,1
13718,2,0,0,0,0,1,2,0,0,1,1,0,0,0,0,0,0,0,0,0,1,0,1,2
13719,2,0,0,0,0,3,0,3,1,2,0,0,0,1,0,0,0,0,1,0,0,1,0,1
13720,1,0,0,0,0,0,2,0,1,0,0,0,1,0,0,0,0,0,0,0,0,0,0,0
13721,0,0,0,0,0,2,0,0,0,0,0,0,0,0,0,0,0,0,0,0,0,0,0,0
13722,1,0,0,0,0,2,0,4,0,1,0,0,0,0,0,0,0,0,0,0,0,0,0,0
13723,2,0,0,0,0,1,2,0,0,1,1,0,0,0,0,0,0,0,0,0,1,0,1,2
13724,2,0,0,0,0,3,0,3,1,2,0,0,0,1,0,0,0,0,1,0,0,1,0,1
13725,0,0,0,0,0,1,0,1,0,1,1,0,1,0,0,0,0,1,0,0,0,0,0,0
13726,0,0,0,0,0,0,1,0,0,0,0,0,1,1,0,0,0,0,0,0,0,0,0,0
13727,0,0,0,0,0,0,0,0,1,0,0,0,0,0,0,1,0,0,0,0,0,0,0,0
13728,0,0,0,0,0,0,0,0,0,0,0,0,0,0,0,0,0,0,0,0,1,0,0,0
13729,2,0,0,0,0,1,2,3,3,0,0,0,0,0,1,0,0,0,1,1,0,0,0,0
13730,0,0,0,0,0,1,1,0,0,0,0,0,0,0,0,0,0,0,0,0,0,0,0,0
13731,0,1,0,0,0,0,2,0,0,0,0,0,0,0,0,0,0,0,0,0,0,0,0,0
13732,0,1,0,0,0,1,1,0,0,0,0,0,0,0,0,0,0,0,0,0,0,0,0,0
13733,3,0,0,0,0,3,1,3,1,1,2,0,0,0,0,0,0,0,0,0,1,0,1,2
13734,3,0,0,0,0,2,1,3,2,2,0,0,1,1,0,0,0,0,1,0,0,1,0,1
13735,0,0,0,0,0,0,1,0,0,0,0,0,0,0,0,0,0,0,0,0,0,0,0,0
13736,0,0,0,0,0,0,0,1,0,0,0,0,0,0,0,0,0,0,0,0,0,0,0,0
13737,0,0,0,0,0,0,0,1,0,0,0,0,0,0,0,0,0,0,0,0,0,0,0,0
13738,1,0,1,0,0,0,0,1,1,1,0,0,0,0,0,0,0,0,0,0,0,0,0,0
13739,1,1,0,0,0,1,0,2,0,0,0,0,0,1,0,0,0,0,0,0,0,0,0,0
13740,1,0,0,0,0,0,4,2,1,0,0,0,0,0,0,1,1,0,0,0,1,0,0,0
13741,1,0,0,0,0,0,0,1,2,0,0,0,0,0,0,0,0,0,0,0,0,0,0,0
13742,1,0,1,0,0,1,0,2,2,0,0,0,0,0,0,0,0,0,0,0,0,0,0,1
13743,2,1,0,0,0,1,1,2,0,0,0,0,0,1,0,0,0,0,0,0,0,0,0,0
13744,1,0,0,0,0,0,1,1,0,0,0,0,0,1,0,0,0,0,0,0,0,0,0,0
13745,1,0,0,0,0,0,0,1,1,0,0,0,0,0,0,0,0,0,0,0,0,0,0,0
13746,1,0,0,0,0,1,0,1,0,0,0,0,0,0,0,0,0,0,0,0,0,0,0,0
13747,1,1,0,0,0,0,1,1,0,0,0,0,0,1,0,0,0,0,0,0,0,0,0,0
13748,1,0,0,0,0,0,0,2,1,0,0,0,0,0,0,0,0,0,0,0,0,0,0,0
13749,1,0,0,0,0,1,0,1,0,0,0,0,0,0,0,0,0,0,0,0,0,0,0,0
13750,0,1,0,0,0,0,0,1,0,0,0,0,0,0,0,0,0,0,0,0,0,0,0,0
13751,0,1,0,0,0,0,1,2,1,0,1,0,0,0,1,2,0,0,0,0,0,0,0,0
13752,1,0,0,0,0,0,0,0,1,1,0,0,0,1,0,0,0,0,0,0,0,0,0,0
13753,0,0,0,0,0,0,0,1,0,0,0,0,0,0,0,0,0,0,0,0,0,0,0,0
13754,0,0,0,0,0,0,0,1,0,0,0,0,0,0,0,0,0,0,0,0,0,0,0,0
13755,0,0,0,0,0,0,1,0,0,0,0,0,0,0,0,0,0,0,0,0,0,0,0,0
13756,0,0,0,0,0,0,1,0,0,0,0,0,0,0,0,0,0,0,0,0,0,0,0,0
13757,0,0,0,0,0,0,0,0,0,0,0,1,0,0,1,0,0,0,0,0,0,0,0,0
13758,0,1,0,0,0,0,1,3,0,1,0,1,0,1,0,0,0,0,0,0,1,1,0,0
13759,0,0,0,0,0,0,0,1,0,0,0,0,0,0,0,0,0,0,0,0,0,0,0,0
13760,3,0,0,0,1,0,1,12,6,2,2,0,0,0,1,0,0,1,1,1,0,0,0,0
13761,0,0,0,0,0,1,1,2,2,1,0,1,0,0,3,0,0,0,0,0,0,1,0,1
13762,0,0,0,0,0,0,2,2,1,1,1,0,1,1,0,0,0,0,0,0,0,1,0,0
36290,0,0,0,0,0,2,0,0,1,0,0,0,0,0,1,1,0,0,0,0,0,0,2,0
13763,0,0,0,0,0,1,1,2,2,1,0,1,0,0,3,0,0,0,0,0,0,1,0,1
13764,0,0,0,0,0,0,2,2,1,1,1,0,1,1,0,0,0,0,0,0,0,1,0,0
36292,0,0,0,0,0,0,0,0,0,0,0,0,0,1,0,0,0,0,0,0,0,0,0,0
13765,0,0,0,0,0,0,0,1,2,1,0,0,0,0,0,0,0,0,0,0,0,1,0,0
13766,2,0,0,0,0,3,1,3,1,1,0,1,0,0,3,0,0,0,0,0,0,0,0,1
13767,0,0,0,0,0,0,0,1,0,0,0,0,0,0,0,0,0,0,0,0,0,0,0,0
13768,0,0,0,0,0,0,0,0,0,0,1,0,0,0,0,0,0,0,0,0,0,0,0,0
36296,0,0,0,0,0,0,0,0,0,0,0,1,0,0,0,0,0,1,1,0,0,0,0,0
13770,0,1,0,0,0,0,1,2,0,1,0,1,0,1,0,1,0,0,0,0,1,0,0,0
38347,0,0,0,0,0,0,0,0,1,0,0,0,0,0,0,0,0,0,0,0,0,0,0,0
13773,0,0,0,0,0,1,4,2,0,0,0,0,0,1,0,0,0,0,0,0,0,0,0,0
13774,0,0,0,0,0,0,2,0,0,1,0,1,0,1,0,0,0,0,0,0,1,0,0,0
13775,0,0,0,0,0,0,0,0,0,0,1,0,0,0,0,0,0,0,0,0,0,0,0,0
13777,0,0,0,0,0,0,0,1,0,0,0,0,0,0,0,0,0,0,0,0,0,0,0,0
13779,0,0,0,0,0,0,0,0,0,0,1,0,0,0,0,0,0,0,0,0,0,0,0,0
13780,0,0,0,0,0,0,0,1,0,0,0,0,0,0,0,0,0,0,0,0,0,0,0,0
24020,4,0,0,0,0,2,4,4,0,1,1,0,0,0,1,0,0,1,0,0,0,0,1,0
13781,0,0,0,0,0,0,0,0,0,0,1,0,0,0,0,0,0,0,0,0,0,0,0,0
24021,2,0,1,1,0,2,5,3,3,2,1,0,0,1,0,0,0,1,2,0,1,0,0,1
13782,0,0,0,0,0,0,0,1,0,0,0,0,0,0,0,0,0,0,0,0,0,0,0,0
13783,0,0,0,0,0,0,0,0,0,0,1,0,0,0,0,0,0,0,0,0,0,0,0,0
13784,0,0,0,0,0,0,0,1,0,0,0,0,0,0,0,0,0,0,0,0,0,0,0,0
13785,0,0,0,0,0,1,4,2,0,0,0,0,0,1,0,0,0,0,0,0,0,0,0,0
13786,0,0,0,0,0,0,2,0,0,1,0,1,0,1,0,0,0,0,0,0,1,0,0,0
13787,0,0,0,0,0,3,3,2,0,1,0,0,0,0,0,0,0,0,0,0,0,1,0,1
13788,0,0,0,0,0,2,1,2,0,1,0,0,0,0,0,0,0,0,0,0,0,1,0,0
13792,0,0,0,0,0,0,0,0,0,0,1,0,0,0,0,0,0,0,0,0,0,0,0,0
13793,0,1,0,0,0,0,1,2,0,1,0,1,0,1,0,1,0,0,0,0,1,0,0,0
13794,0,1,0,0,0,0,1,2,0,1,0,1,0,1,0,1,0,0,0,0,1,0,0,0
13795,0,0,0,0,0,0,0,0,0,0,1,0,0,0,0,0,0,0,0,0,0,0,0,0
13796,0,0,0,0,0,0,0,1,0,0,1,0,0,0,0,0,0,0,0,0,0,0,0,0
13797,0,0,0,0,0,0,0,1,0,0,1,0,0,0,0,0,0,0,0,0,0,0,0,0
13800,0,1,0,0,0,0,1,1,0,1,0,1,0,1,0,1,0,0,0,0,1,0,0,0
13803,0,0,0,0,0,0,2,0,0,0,0,0,0,0,0,0,0,0,0,0,0,1,0,0
38380,0,0,0,0,0,0,2,4,0,0,0,1,1,1,0,1,0,1,0,0,1,0,0,0
13805,0,0,0,0,0,0,1,0,0,0,0,1,0,0,0,0,0,0,0,0,0,0,0,0
13813,0,1,0,0,1,1,0,1,0,0,1,0,0,0,0,2,0,0,0,0,0,0,1,0
13821,0,0,0,0,1,0,1,1,0,1,0,0,0,0,0,0,0,0,0,0,0,0,0,0
36363,0,0,0,0,0,0,0,0,0,0,0,1,0,0,1,0,1,0,0,0,0,0,0,0
24157,1,0,0,0,0,1,2,1,1,3,1,2,0,0,1,0,0,0,0,1,1,0,0,0
13940,0,0,0,0,0,0,1,0,0,0,0,0,0,0,0,0,0,0,0,0,0,0,0,0
13941,0,0,0,0,0,0,0,1,0,0,0,0,0,0,0,0,0,0,0,0,0,0,0,0
13942,1,0,0,0,0,0,2,4,1,0,1,0,0,0,1,2,1,0,0,0,1,0,0,0
13944,0,0,0,0,0,0,1,1,0,0,0,0,0,0,0,0,0,0,0,0,0,0,0,0
13946,2,1,0,0,0,0,3,6,2,0,1,0,0,0,1,2,1,0,0,0,1,0,0,0
13947,1,0,0,0,0,1,1,2,2,2,0,0,0,0,1,0,0,0,0,1,0,0,0,0
13948,2,0,0,0,0,1,1,2,2,1,0,0,0,0,0,1,0,0,0,0,0,0,0,0
13949,0,1,0,0,0,0,4,3,0,1,0,1,0,0,0,0,0,1,0,0,0,0,0,0
13950,0,1,0,0,0,0,5,1,0,2,0,1,0,0,0,0,0,0,0,0,0,0,0,0
13951,1,1,0,0,0,0,1,2,2,0,0,0,0,0,1,1,0,0,0,0,1,0,0,1
36491,0,0,0,0,0,2,1,0,1,0,0,0,0,1,1,1,1,1,0,0,0,0,0,0
13988,0,0,0,0,0,0,1,2,0,1,0,0,1,0,0,0,0,0,0,0,0,0,0,0
36516,0,0,0,0,0,0,0,0,1,0,0,0,0,0,0,0,0,0,0,0,0,0,0,0
13989,1,0,0,0,0,0,2,1,0,2,0,0,1,1,0,0,0,0,0,1,0,1,0,0
13990,1,0,0,0,0,0,0,1,1,0,0,0,0,0,0,1,0,0,0,0,0,0,0,0
13991,0,1,0,0,0,0,1,4,1,1,0,0,0,0,1,0,0,0,0,0,1,0,0,1
13992,1,1,0,0,0,0,2,3,1,2,0,0,1,0,0,0,0,0,0,1,0,1,0,0
13993,0,0,0,0,0,0,1,2,0,1,0,0,1,0,0,0,0,0,0,0,0,0,0,0
13994,1,0,0,0,0,0,0,1,1,0,0,0,0,0,0,1,0,0,0,0,0,0,0,0
13996,0,0,0,0,0,0,1,2,0,1,0,0,1,0,0,0,0,0,0,0,0,0,0,0
13997,0,0,0,0,0,0,3,2,1,0,0,0,0,0,0,1,0,0,0,0,0,0,0,0
36525,0,0,0,0,0,0,1,0,0,0,0,0,0,0,0,0,0,0,0,0,0,0,0,0
13998,1,0,0,0,0,0,0,1,0,0,0,0,0,0,0,0,0,0,0,0,0,0,0,0
13999,1,0,0,0,0,0,0,1,1,0,0,0,0,0,0,1,0,0,0,0,0,0,0,0
14002,0,0,0,0,0,0,1,2,0,1,0,0,1,0,0,0,0,0,0,0,0,0,0,0
14003,0,0,0,0,0,0,0,1,1,0,0,0,0,0,0,1,0,0,0,0,0,0,0,0
14004,0,1,0,0,0,0,0,1,2,0,0,0,0,0,0,1,0,0,0,0,0,0,0,0
14005,0,1,0,0,0,0,1,3,1,0,0,0,1,0,0,0,0,0,0,0,0,0,0,0
36533,0,0,0,0,0,0,0,2,0,0,0,0,0,1,0,1,1,0,0,0,0,0,0,0
14006,0,0,0,0,0,0,0,1,0,0,0,0,0,0,0,0,0,0,0,0,0,0,0,0
14007,0,0,0,0,0,0,0,1,0,0,0,0,0,0,0,0,0,0,0,0,0,0,0,0
14008,1,0,0,0,0,1,3,0,4,1,2,0,0,0,0,2,1,2,0,0,0,0,0,0
14009,0,0,0,0,0,0,2,1,0,0,1,0,0,0,0,1,0,0,0,0,0,0,0,0
14010,0,0,0,0,0,0,1,2,2,0,0,0,0,0,0,1,0,0,0,0,0,0,0,0
14011,1,0,0,0,0,0,0,1,1,0,0,0,0,0,0,0,0,0,0,0,0,0,0,0
36541,0,0,0,0,0,0,0,0,0,1,0,0,1,1,0,0,0,0,0,0,0,0,0,0
38656,0,0,0,0,0,0,2,1,2,0,0,1,0,0,1,0,0,0,0,0,0,0,0,0
14081,1,0,0,0,0,1,3,1,4,1,1,2,0,0,0,2,1,2,0,0,0,0,0,0
14082,0,0,0,0,0,0,1,0,0,0,0,0,0,0,0,0,0,0,0,0,0,0,0,0
14083,0,0,0,0,0,0,2,0,0,0,1,0,0,0,1,1,0,0,0,0,0,0,0,0
14084,0,0,0,0,0,0,1,2,2,0,0,0,0,1,0,1,0,0,0,0,0,0,0,0
14085,0,0,0,0,0,0,2,0,0,0,1,0,0,0,0,1,0,0,0,0,0,0,0,0
14086,0,0,0,0,0,0,2,0,0,0,1,0,0,0,1,1,0,0,0,0,0,0,0,0
14087,0,0,0,0,0,0,1,0,0,0,0,0,0,0,0,0,0,0,0,0,0,0,0,0
14088,0,0,0,0,0,0,0,1,0,0,0,0,0,0,0,0,0,0,0,0,0,0,0,0
14089,0,0,0,0,0,0,0,1,0,0,0,0,0,0,0,0,0,0,0,0,0,0,0,0
14091,1,0,0,0,0,1,0,3,1,0,0,0,0,0,0,0,0,0,0,0,0,0,0,1
14092,2,0,0,0,0,1,1,1,0,0,0,0,0,1,0,0,0,0,0,0,0,0,0,0
14093,1,0,0,0,0,1,1,2,1,0,0,0,0,0,0,0,0,0,0,0,0,0,0,1
14094,2,0,0,0,0,1,1,1,0,0,0,0,0,1,0,0,0,0,0,0,0,0,0,0
14095,1,0,0,0,0,1,2,1,1,0,1,0,0,1,0,0,0,0,0,0,0,0,0,0
14096,0,0,0,0,0,0,0,2,0,1,0,0,0,0,0,0,0,0,0,0,0,0,0,0
14097,0,0,0,0,0,0,1,1,0,0,0,1,0,0,0,0,0,0,0,0,0,0,0,0
14098,0,0,0,0,0,0,0,2,0,1,0,0,0,0,0,0,0,0,0,0,0,0,0,0
14099,0,0,0,0,0,0,1,1,0,0,0,1,0,0,0,0,0,0,0,0,0,0,0,0
14100,0,1,0,0,0,0,1,4,0,0,0,1,0,0,0,0,0,0,1,0,0,0,0,0
14101,0,0,1,0,0,0,1,2,3,0,0,1,0,0,1,0,0,0,0,1,0,0,0,0
14102,0,0,0,0,0,0,0,0,0,0,0,0,1,0,0,0,0,0,0,0,0,0,0,0
14104,2,0,0,0,0,2,2,3,3,0,0,0,0,0,1,0,0,0,0,1,0,1,0,1
14105,0,0,0,0,0,0,0,0,0,0,0,0,0,1,0,0,0,0,0,0,0,0,0,0
14106,0,0,0,0,0,0,1,1,0,0,1,0,0,0,0,0,0,0,0,0,0,0,0,0
14107,0,0,0,0,0,0,0,2,0,1,0,0,0,0,0,0,0,0,0,0,0,0,0,0
14108,1,0,0,0,0,1,1,0,1,0,0,0,0,0,0,0,0,0,0,0,0,0,0,2
14109,1,0,0,0,0,0,0,0,2,0,0,0,0,2,0,0,0,0,0,0,0,1,0,1
14110,2,1,1,0,0,1,1,0,3,0,0,0,0,1,0,0,0,0,0,0,0,1,0,3
14111,0,0,1,0,0,0,1,2,0,0,1,0,0,0,0,0,0,0,0,0,0,0,0,0
14112,0,1,0,0,0,0,2,1,2,1,0,0,0,1,0,0,0,0,0,0,0,2,1,1
14113,1,0,1,0,0,1,2,3,1,1,1,0,0,0,0,0,0,0,1,0,0,1,0,1
14114,0,1,0,0,0,0,1,2,2,1,0,0,0,1,0,0,0,0,0,0,0,2,1,1
14115,1,0,0,0,0,1,2,2,0,1,0,0,0,1,0,0,0,0,0,0,0,0,0,0
14116,1,0,0,0,0,1,2,1,1,0,0,0,0,0,0,0,0,0,0,0,0,0,0,0
14117,0,0,0,0,0,0,1,0,0,1,0,0,0,0,0,0,0,0,0,0,0,0,0,0
14122,0,0,0,0,0,0,1,1,0,0,1,0,0,0,0,0,0,0,0,0,0,0,0,0
14123,0,0,0,0,0,0,0,2,0,1,0,0,0,0,0,0,0,0,0,0,0,0,0,0
14124,0,0,0,0,0,0,2,2,0,0,1,0,0,0,0,0,0,0,0,0,0,0,0,0
14125,0,0,0,0,0,0,1,2,1,0,0,1,1,0,1,0,0,0,0,0,0,0,0,0
14126,0,0,0,0,0,0,1,0,0,1,0,0,0,0,0,0,0,0,0,1,0,0,0,0
14127,1,0,1,0,0,1,2,3,1,1,1,0,0,0,0,0,0,0,1,0,0,1,0,1
14128,1,0,1,0,0,1,2,3,1,1,1,0,0,0,0,0,0,0,1,0,0,1,0,1
14129,0,1,0,0,0,0,1,2,2,1,0,0,0,1,0,0,0,0,0,0,0,2,1,1
14130,0,1,0,0,0,0,1,2,2,1,0,0,0,1,0,0,0,0,0,0,0,2,1,1
14131,1,0,1,0,0,1,2,3,1,1,1,0,0,0,0,0,0,0,1,0,0,1,0,1
14132,0,0,0,0,0,0,1,2,0,1,0,0,1,1,1,1,0,0,0,0,1,1,1,0
14133,0,0,0,0,0,0,1,2,0,1,0,0,1,1,1,1,0,0,0,0,1,1,1,0
14135,0,0,0,0,0,0,1,3,1,1,0,0,0,0,1,0,0,0,0,0,1,0,0,1
14136,1,1,0,0,0,0,2,3,1,2,0,0,1,0,0,0,0,0,0,1,0,1,0,0
14137,0,1,0,0,0,0,1,4,1,1,0,0,0,0,1,0,1,0,0,0,1,0,0,1
14138,1,0,0,0,0,0,2,1,1,2,0,0,1,0,0,0,0,0,0,1,0,1,0,0
14139,0,0,0,0,0,0,2,1,1,0,0,0,0,0,0,0,0,0,0,0,0,1,1,0
14140,1,0,0,0,0,0,0,0,1,1,0,0,1,0,0,0,0,0,1,0,0,1,0,0
14141,0,1,0,0,0,0,0,3,0,1,0,0,1,1,2,1,2,0,0,0,2,0,0,1
14142,0,0,0,0,0,0,2,1,1,0,0,0,0,0,0,0,0,0,0,0,0,1,1,0
14143,1,0,0,0,0,0,0,0,2,0,0,0,1,0,0,0,0,0,1,0,0,1,0,0
14144,0,1,0,0,0,0,0,2,0,1,0,0,1,1,2,1,1,0,0,0,2,0,0,1
14145,0,0,0,0,0,0,0,0,0,1,0,1,1,1,0,0,0,0,0,0,0,0,0,0
14147,0,0,0,0,0,0,0,1,1,0,0,0,0,0,0,0,0,0,0,0,0,0,0,0
14148,0,0,0,0,0,0,0,1,0,0,0,0,0,0,0,0,0,0,0,0,0,0,0,0
14149,0,1,0,0,0,0,0,2,1,0,1,0,0,0,0,0,0,0,0,0,0,0,0,0
14150,0,0,0,0,0,0,0,1,1,0,0,0,0,0,0,0,0,0,0,0,0,0,0,0
14151,0,0,0,0,0,0,0,1,1,0,0,0,0,0,0,0,0,0,0,0,0,0,0,0
14152,1,1,0,0,0,0,0,1,0,0,0,0,1,0,0,1,0,0,0,0,0,0,0,0
14153,0,0,0,0,0,0,1,0,0,1,0,0,1,0,0,0,0,0,0,0,0,0,0,0
14154,0,0,0,0,0,0,1,0,0,1,0,0,1,0,0,0,0,0,0,0,0,0,0,0
14155,0,0,0,0,0,0,0,0,1,0,0,0,0,0,1,1,0,0,0,0,0,0,0,0
14156,0,0,0,0,0,0,0,0,1,0,0,0,0,0,1,1,0,0,0,0,0,0,0,0
14157,0,0,0,0,0,0,1,0,0,1,0,0,1,0,0,0,0,0,0,0,0,0,0,0
14158,0,0,0,0,0,0,0,0,0,1,0,1,1,1,0,0,0,0,0,0,0,0,0,0
14180,1,0,0,0,0,0,0,1,1,0,0,0,0,0,2,0,0,0,0,0,0,0,0,0
14181,0,0,0,0,0,0,2,1,0,0,1,0,0,0,1,1,0,0,0,0,0,0,0,0
14182,0,0,0,0,0,0,1,1,2,0,0,0,0,1,0,1,0,0,0,0,0,0,0,0
14183,0,0,0,0,0,0,1,2,2,0,0,0,0,0,0,1,0,0,0,0,0,0,0,0
14184,0,0,0,0,0,0,2,1,0,0,1,0,0,0,1,1,0,0,0,0,0,0,0,0
14185,0,0,0,0,0,0,1,1,2,0,0,0,0,1,0,1,0,0,0,0,0,0,0,0
14186,0,1,0,0,0,0,0,2,1,0,1,0,0,0,0,0,0,0,0,0,0,0,0,0
14187,1,0,0,0,0,0,2,1,0,0,1,0,0,0,1,1,0,0,0,0,0,0,0,0
14188,0,0,0,0,0,0,1,1,2,0,0,0,0,1,0,1,0,0,0,0,0,0,0,0
14189,1,1,0,0,0,0,0,1,0,0,0,0,1,0,0,1,0,0,0,0,0,0,0,0
14190,0,1,0,0,0,0,1,2,1,0,2,0,0,0,1,3,0,0,0,0,0,0,0,0
14191,0,0,0,0,0,0,0,1,0,0,0,0,0,0,0,0,0,0,0,0,0,0,0,0
14192,0,0,0,0,0,0,0,1,0,0,0,0,0,0,0,0,0,0,0,0,0,0,0,0
14193,0,1,0,0,0,0,0,2,0,0,1,0,0,0,2,3,0,0,0,0,0,0,0,0
14195,0,0,0,0,0,0,0,0,0,0,0,0,0,0,0,0,0,0,0,0,0,0,0,0
14197,0,1,0,0,0,0,2,1,1,1,0,0,1,1,0,1,0,0,0,0,0,0,0,0
14198,0,1,0,0,0,0,0,1,0,0,0,0,0,0,1,0,0,0,0,0,0,0,0,0
14199,0,0,0,0,0,0,0,2,1,0,0,0,0,0,0,2,0,0,0,0,0,0,0,0
14200,0,0,0,0,0,0,2,1,1,0,1,0,0,0,0,0,0,0,0,0,0,0,0,0
14201,0,0,0,0,0,0,0,1,0,0,0,0,0,0,0,0,0,0,0,0,0,0,0,0
14202,0,0,0,0,0,0,2,1,1,0,1,0,0,0,0,0,0,0,0,0,0,0,0,0
14203,0,0,0,0,0,0,0,0,1,0,0,0,0,0,1,1,0,0,0,0,0,0,0,0
14204,0,0,0,0,0,0,1,0,0,1,0,0,1,0,0,0,0,0,0,0,0,0,0,0
14205,1,1,0,0,0,1,3,2,5,1,1,1,0,0,0,2,1,2,0,0,0,0,0,0
14206,0,1,0,0,0,0,4,7,4,0,0,1,0,0,1,3,0,0,0,0,0,0,0,0
14207,0,0,0,0,0,0,2,2,1,0,1,0,0,0,0,0,0,0,0,0,0,0,0,0
14312,2,1,0,0,0,1,4,4,1,1,0,0,0,1,1,1,1,0,1,0,1,1,0,0
14313,0,0,0,0,0,0,2,0,0,0,0,0,0,0,0,0,0,0,0,0,1,0,0,0
14317,0,0,0,0,0,0,0,0,0,0,0,0,0,0,0,0,0,0,0,0,0,0,0,0
14318,0,0,0,0,0,2,1,0,0,0,0,0,0,0,0,0,0,0,0,0,0,0,0,0
14319,0,0,0,0,0,1,4,9,3,1,3,1,0,3,1,0,1,0,1,0,1,0,0,0
14320,0,0,0,0,0,0,0,1,0,1,0,1,0,0,0,0,0,0,0,0,0,0,0,0
14322,0,0,0,0,0,1,0,1,0,0,0,0,0,0,1,0,0,0,0,0,0,0,0,0
14323,0,0,0,0,0,1,2,0,2,0,0,0,0,1,0,1,0,0,0,0,0,0,0,0
14324,0,0,0,0,0,0,0,1,0,0,0,1,1,2,0,0,1,0,0,1,0,0,0,0
14326,0,2,0,0,0,0,2,0,0,0,0,0,0,0,0,0,0,0,0,0,0,0,0,0
14327,0,0,0,0,0,0,0,2,0,0,0,0,0,0,1,0,0,0,0,0,1,0,0,1
14333,0,1,0,0,0,1,0,1,0,0,0,0,0,1,0,0,0,0,1,0,0,0,0,0
14335,1,0,1,0,0,0,0,0,2,0,0,0,0,0,1,0,0,0,0,0,0,0,0,0
